sample_id,age,ground_truth,clova_result,qwen_result,clova_normalized_cer,raw_cer,normalized_cer,raw_edit_distance,raw_ref_chars,normalized_edit_distance,normalized_ref_chars,exact_match,semantic_score,semantic_label,semantic_flags,audio_duration_sec,processing_time_sec,rtf,model,clova_exact_match,clova_semantic_score
K00014483-BMG20-L1N2D1-E-K0KK-02107820,7,난 친구와의 약속을 지키기 위해 공원으로 나갔다.,오랜 친구와의 약속을 지키기 위해 공원으로 나갔다,난 친구와의 약속을 지키기 위해 공원으로 나갔다.,0.1,0.000000,0.000000,0,20,0,20,True,1.0,MATCH,,6.656,3.612,0.543,Qwen/Qwen3-ASR-1.7B,False,0.917517
K00013595-BMG20-L1N2D2-E-K0KK-04238948,9,가을 하늘은 맑고.,가을 하늘은 맑고,가을 하늘은 맑고.,0.0,0.000000,0.000000,0,7,0,7,True,1.0,MATCH,,6.144,1.335,0.217,Qwen/Qwen3-ASR-1.7B,True,1.0
K00013596-BMG23-L1N2D1-E-K0KK-02150771,8,현무암이라는 돌을 바다에서 주웠다,전망이라는 돈을 받아야 해서 좋았다,현마음이라는 돌을 바다에서 주었다.,0.666667,0.200000,0.200000,3,15,3,15,False,0.766101,REVIEW,,5.632,1.958,0.348,Qwen/Qwen3-ASR-1.7B,False,0.27552
K00014483-BMG20-L1N2D1-E-K0KK-02066845,7,할머니와 엄마는 나를 데리러 왔다.,할머니와 많은 나를 잘 들어왔다,할머니와 엄마는 나를 데리러 왔다.,0.428571,0.000000,0.000000,0,14,0,14,True,1.0,MATCH,,5.056,2.187,0.433,Qwen/Qwen3-ASR-1.7B,False,0.679483
K00013915-BFG20-L1N2D1-E-K0KK-02147175,8,오늘은 우리 아빠 회사가 있는 의왕시의 왕송 호수에 갔다.,오늘은 우리 아빠 회사가 있는 의왕시 왕송 못에 갔다,오늘은 우리 아빠 회사가 있는 을왕시 왕성호수에 갔다.,0.130435,0.130435,0.130435,3,23,3,23,False,0.663259,MISMATCH,,8.192,2.874,0.351,Qwen/Qwen3-ASR-1.7B,False,0.935932
K00013724-BFG30-L1N2D4-E-K0KK-02152814,10,점심 먹고 나니 이제부터는 숙제 지옥이다.,점심먹고 나니 이제부터는 숙제 지옥이다,점심 먹고 나니 이제부터는 숙제 지옥이다.,0.0,0.000000,0.000000,0,17,0,17,True,1.0,MATCH,,3.968,1.968,0.496,Qwen/Qwen3-ASR-1.7B,True,1.0
K00013970-BMG30-L1N2D4-E-K0KK-02068738,10,책을 읽으며 아저씨는 깨달았다,책을 읽으며 아저씨는 깨달았다,책을 읽으며 아저씨는 깨달았다.,0.0,0.000000,0.000000,0,13,0,13,True,1.0,MATCH,,4.608,1.586,0.344,Qwen/Qwen3-ASR-1.7B,True,1.0
K00013970-BMG30-L1N2D4-E-K0KK-02222817,10,부모님은 잘한다며 칭찬을 해주셨다.,부모님은 잘 안다며 칭찬을 해 주셨다,부모님은 잘한다며 칭찬을 해주셨다.,0.066667,0.000000,0.000000,0,15,0,15,True,1.0,MATCH,,4.992,1.776,0.356,Qwen/Qwen3-ASR-1.7B,False,0.939845
K00014483-BMG20-L1N2D1-E-K0KK-02106579,7,우리는 토마토를 받고는 신이 났다.,우리는 토마토를 바꾸는 신이 났다,우리는 토마토를 바꾸는 신이났다.,0.142857,0.142857,0.142857,2,14,2,14,False,0.880795,MATCH,,5.056,1.757,0.348,Qwen/Qwen3-ASR-1.7B,False,0.897725
K00014483-BMG20-L1N2D1-E-K0KK-02028046,7,형은 엄마랑 훌라후프를 하며 너무 아프다고 소리를 질렀다.,정은 엄마와 훌라후프를 하면 너무 아프다고 소리를 질렀다,형은 엄마와 풀라 후프를 하며 너무 아프다고 소리를 질렀다.,0.125,0.083333,0.083333,2,24,2,24,False,0.935064,MATCH,,8.000,2.531,0.316,Qwen/Qwen3-ASR-1.7B,False,0.846746
K00014723-BMG20-L1N2D4-E-K0KK-02053391,9,할아버지는 신경정신과에서 약을 처방받아 아침 저녁으로 드신다.,할아버지는 신경 정신과에서 약을 처방받아 아침 저녁으로 드신 다,할아버지는 신경 정신과에서 약을 처방 받아 아침 저녁으로 드신다.,0.0,0.000000,0.000000,0,27,0,27,True,1.0,MATCH,,10.240,2.783,0.272,Qwen/Qwen3-ASR-1.7B,True,1.0
K00013915-BFG20-L1N2D1-E-K0KK-02169028,8,완성된 케이크는 정말 맛있었다.,완성된 케이크는 정말 맛있었다,완성된 케이크는 정말 맛있었다.,0.0,0.000000,0.000000,0,13,0,13,True,1.0,MATCH,,5.120,1.669,0.326,Qwen/Qwen3-ASR-1.7B,True,1.0
K00013970-BMG30-L1N2D1-E-K0KK-02102802,10,그림 속으로 들어갈까라는 생각이 들었고,그림 속으로 들어가 거라는 생각이 들었고,그림 속으로 들어갈까라는 생각이 들었고.,0.117647,0.000000,0.000000,0,17,0,17,True,1.0,MATCH,,4.992,1.686,0.338,Qwen/Qwen3-ASR-1.7B,False,0.913469
K00013596-BMG23-L1N2D1-E-K0KK-02150875,8,형들의 보드와 내 보드가 달랐다,형들의 보드와 램 보드가 달랐다,형들의 보드와 내 보드가 달랐다.,0.076923,0.000000,0.000000,0,13,0,13,True,1.0,MATCH,,5.632,1.602,0.284,Qwen/Qwen3-ASR-1.7B,False,0.814931
K00014483-BMG20-L1N2D1-E-K0KK-02066526,7,다음부터는 시험 시간에 딴짓을 하지 않고 열심히 해야겠다.,다음부터는 시험 시간에 담 제대로 하지 않고 열심히 해야겠다,다음부터는 시험 시간에 단지들 하지 않고 열심히 해야겠다.,0.166667,0.125000,0.125000,3,24,3,24,False,0.896622,MATCH,,7.936,2.371,0.299,Qwen/Qwen3-ASR-1.7B,False,0.861609
K00013970-BMG30-L1N2D1-E-K0KK-02104053,10,친구는 하늘색을 좋아한다.,친구는 하늘색을 좋아한다,친구는 하늘색을 좋아한다.,0.0,0.000000,0.000000,0,11,0,11,True,1.0,MATCH,,4.096,1.224,0.299,Qwen/Qwen3-ASR-1.7B,True,1.0
K00013970-BMG30-L1N2D4-E-K0KK-02070727,10,여행 홍보지를 펴보며 그렇게나마 바다를 떠올렸다,여행 홍보지를 붙여 보며 그렇게 나와 바다를 떠올렸다,여행 홍보지를 펴보며 그렇게나마 바다를 떠올렸다.,0.142857,0.000000,0.000000,0,21,0,21,True,1.0,MATCH,,6.784,2.448,0.361,Qwen/Qwen3-ASR-1.7B,False,0.920419
K00013915-BFG20-L1N2D1-E-K0KK-02169049,8,오늘은 태어나서 처음으로 혼자 불 앞에서 요리를 했다.,오늘은 태어나서 처음으로 혼자 불 앞에서 요리를 했다,오늘은 태어나서 처음으로 혼자 불 앞에서 요리를 했다.,0.0,0.000000,0.000000,0,22,0,22,True,1.0,MATCH,,6.656,2.357,0.354,Qwen/Qwen3-ASR-1.7B,True,1.0
K00013585-BFG23-L1N2D2-E-K0KK-01806833,9,친구를 사귀어서 개구리를 잡기도 하고 놀이터에서 놀기도 하고 나뭇잎으로 소꿉놀이도 한다.,친구를 사귀어서 지구를 작게도 하고 놀이터에서 놀기도 하고 나뭇잎으로 소꿉놀이도 한다,친구를 사귀어서 기구를 잡기도 하고 놀이터에서 놀기도 하고 나뭇잎으로 속금놀이도 한다.,0.105263,0.105263,0.105263,4,38,4,38,False,0.889434,MATCH,,9.216,3.804,0.413,Qwen/Qwen3-ASR-1.7B,False,0.826024
K00013596-BMG23-L1N2D1-E-K0KK-02150839,8,치과에 도착하니 이상하게 안아팠다,치과에 도착하니 이상하게 안 아팠다,치과에 도착하니 이상하게 안 아팠다.,0.0,0.000000,0.000000,0,15,0,15,True,1.0,MATCH,,5.632,1.661,0.295,Qwen/Qwen3-ASR-1.7B,True,1.0
K00013724-BFG30-L1N2D4-E-K0KK-02118313,10,커피숍에서 마카롱을 샀는데 너무 맛있어서 한 개 더 샀다.,커피숍에서 마카롱을 사는데 너무 맛 없어서 하는 게 더 낫다,커피숍에서 마카롱을 샀는데 너무 맛있어서 한 개 더 샀다.,0.26087,0.000000,0.000000,0,23,0,23,True,1.0,MATCH,,5.248,2.471,0.471,Qwen/Qwen3-ASR-1.7B,False,0.643289
K00013595-BMG20-L1N2D2-E-K0KK-04047455,9,한 입 먹으면 치즈가 쭈욱,한입 먹으면 치즈가 쭉,한 입 먹으면 치즈가 쭉.,0.2,0.200000,0.200000,2,10,2,10,False,0.9624,MATCH,,6.144,1.586,0.258,Qwen/Qwen3-ASR-1.7B,False,0.954207
K00013595-BMG20-L1N2D2-E-K0KK-03826926,9,이 시간 만큼은,이 시간만큼은,이 시간만큼은.,0.0,0.000000,0.000000,0,6,0,6,True,1.0,MATCH,,5.120,0.858,0.168,Qwen/Qwen3-ASR-1.7B,True,1.0
K00014483-BMG20-L1N2D1-E-K0KK-02153839,7,마지막 조각이 보이지 않는다.,마지막 조각이 보이지 않는다,마지막 조각이 보이지 않는다.,0.0,0.000000,0.000000,0,12,0,12,True,1.0,MATCH,,5.440,1.405,0.258,Qwen/Qwen3-ASR-1.7B,True,1.0
K00013596-BMG23-L1N2D1-E-K0KK-02150905,8,너무 피곤했지만 축구를 하러 갔다,너무 피곤했지만 축구를 하러 갔다,너무 피곤했지만 축구를 하러 갔다.,0.0,0.000000,0.000000,0,14,0,14,True,1.0,MATCH,,5.120,2.000,0.391,Qwen/Qwen3-ASR-1.7B,True,1.0
K00013596-BMG23-L1N2D1-E-K0KK-02150863,8,목이 길어지는 스트레칭을 했다,목이 길어지는 스트레칭을 했다,목이 길어지는 스트레칭을 했다.,0.0,0.000000,0.000000,0,13,0,13,True,1.0,MATCH,,5.120,1.686,0.329,Qwen/Qwen3-ASR-1.7B,True,1.0
K00013595-BMG20-L1N2D2-E-K0KK-04108357,9,야채가 주렁주렁.,야채가 주렁주렁,야채가 주렁주렁.,0.0,0.000000,0.000000,0,7,0,7,True,1.0,MATCH,,6.144,1.171,0.191,Qwen/Qwen3-ASR-1.7B,True,1.0
K00013915-BFG20-L1N2D3-E-K0KK-02077926,8,그런데 정말 시원했다.,그런데 정말 시원하다,그런데 정말 시원했다.,0.111111,0.000000,0.000000,0,9,0,9,True,1.0,MATCH,,4.736,1.142,0.241,Qwen/Qwen3-ASR-1.7B,False,0.920578
K00013595-BMG20-L1N2D2-E-K0KK-04255445,9,호두파이 한 조각에는,호두파이 한조각에는,호두파이 한 조각에는.,0.0,0.000000,0.000000,0,9,0,9,True,1.0,MATCH,,7.168,1.236,0.172,Qwen/Qwen3-ASR-1.7B,True,1.0
K00014723-BMG20-L1N2D4-E-K0KK-01994678,9,마당에 둘러 앉아 먹는 저녁은 꿀맛이다.,마당에 둘러앉아 먹는 저녁은 꿀맛이다,마당에 둘러 앉아 먹는 저녁은 꿀맛이다.,0.0,0.000000,0.000000,0,16,0,16,True,1.0,MATCH,,6.144,2.291,0.373,Qwen/Qwen3-ASR-1.7B,True,1.0
K00014483-BMG20-L1N2D1-E-K0KK-02106588,7,어때? 맛있어?,어때 맛있어,어때요? 맛있어?,0.0,0.200000,0.200000,1,5,1,5,False,0.984644,MATCH,,3.648,1.124,0.308,Qwen/Qwen3-ASR-1.7B,True,1.0
K00013595-BMG20-L1N2D2-E-K0KK-04092039,9,언제나 나를 반겨주는,언제나 나를 반겨 주는,언제나 나를 반겨주는.,0.0,0.000000,0.000000,0,9,0,9,True,1.0,MATCH,,6.144,1.222,0.199,Qwen/Qwen3-ASR-1.7B,True,1.0
K00014723-BMG20-L1N2D4-E-K0KK-02053276,9,하늘목장은 대관령 목장보다 훨씬 넓었다.,하늘목장은 대관령 목장보다 훨씬 넘었다,하늘목장은 대관령 목장보다 훨씬 더 멀다.,0.058824,0.117647,0.117647,2,17,2,17,False,0.726156,REVIEW,,8.832,2.337,0.265,Qwen/Qwen3-ASR-1.7B,False,0.888103
K00013585-BFG23-L1N2D2-E-K0KK-01853862,9,나는 운동을 잘하지 못한다.,나는 운동을 잘 하지 못한다,나는 운동을 잘하지 못한다.,0.0,0.000000,0.000000,0,11,0,11,True,1.0,MATCH,,4.096,1.229,0.300,Qwen/Qwen3-ASR-1.7B,True,1.0
K00013970-BMG30-L1N2D1-E-K0KK-02103010,10,아무리 그래도 아들을 죽이는 것은,아무리 그래도 아들을 죽이는것은,아무리 그래도 아들을 죽이는 것은.,0.0,0.000000,0.000000,0,14,0,14,True,1.0,MATCH,,4.288,1.583,0.369,Qwen/Qwen3-ASR-1.7B,True,1.0
K00014483-BMG20-L1N2D1-E-K0KK-02153352,7,비바람 때문에 몸도 서늘해졌다.,비바람때문에 오늘도 손을 잡아,비바람 때문에 온도 선회를 잡다.,0.538462,0.384615,0.384615,5,13,5,13,False,0.723698,REVIEW,,7.232,1.828,0.253,Qwen/Qwen3-ASR-1.7B,False,0.635135
K00013970-BMG30-L1N2D1-E-K0KK-02103942,10,아침에 밝아왔다 우린 숙소에서 간단하게 아침을 먹고 집을 나섰다,아침이 밝아 왔다 우리 숙소에서 간단하게 아침을 먹고 집을 나섰다,아침에 밝아왔다. 우린 숙소에서 간단하게 아침을 먹고 집을 나섰다.,0.074074,0.000000,0.000000,0,27,0,27,True,1.0,MATCH,,7.232,2.953,0.408,Qwen/Qwen3-ASR-1.7B,False,0.977339
K00014483-BMG20-L1N2D1-E-K0KK-02153791,7,노란색 조각 빨간색 조각,노란색 초급 빨간색 조각,"노란색 조각, 빨간색 조각.",0.2,0.000000,0.000000,0,10,0,10,True,1.0,MATCH,,4.544,1.551,0.341,Qwen/Qwen3-ASR-1.7B,False,0.900371
K00013585-BFG23-L1N2D2-E-K0KK-01770020,9,어제는 엘리베이터에서 만난 고등학생 언니가 귀엽다고 호들갑을 떨었다.,어제는 엘리베이터에서 만난 고등학생 언니가 귀엽다고 호들갑을 떨었다,어제는 엘리베이터에서 만난 고등학생 언니가 귀엽다고 호들갑이 떨었다.,0.0,0.033333,0.033333,1,30,1,30,False,0.998869,MATCH,,7.168,2.997,0.418,Qwen/Qwen3-ASR-1.7B,True,1.0
K00014483-BMG20-L1N2D1-E-K0KK-02107681,7,"난 가지고 싶었던 게임기를 얻지 못하여 온종일 울상이었다,",난 가지고 싶었던 게임기를 얻지 못하여운 종이롤 상이었다,난 가지고 싶었던 게임기를 얻지 못하여 온 종일 올상이었다.,0.125,0.041667,0.041667,1,24,1,24,False,0.935197,MATCH,,8.704,3.250,0.373,Qwen/Qwen3-ASR-1.7B,False,0.799627
K00013970-BMG30-L1N2D4-E-K0KK-02070645,10,하지만 너무 가난했던 화가는 돈이 없어 여행을 떠날 수가 없었다,하지만 너무 가난에도 나가는 돈이 없어서 여행을 떠날수가 없었다,하지만 너무 가난해 뜬화가 하는 돈이 없어 여행을 떠날 수가 없었다.,0.153846,0.115385,0.115385,3,26,3,26,False,0.827669,REVIEW,,6.784,3.096,0.456,Qwen/Qwen3-ASR-1.7B,False,0.792778
K00014483-BMG20-L1N2D1-E-K0KK-02108964,7,감자는 울퉁불퉁 못생겼어.,감자는 울퉁불퉁 못생겼어,감자는 울퉁불퉁 못생겼어.,0.0,0.000000,0.000000,0,11,0,11,True,1.0,MATCH,,5.504,1.463,0.266,Qwen/Qwen3-ASR-1.7B,True,1.0
K00014483-BMG20-L1N2D1-E-K0KK-02027169,7,학교에서 주는 급식도 아주 맛있었다,학교에서 주는 급식도 아주 맛있었다,학교에서 주는 급식도 아주 맛있었다.,0.0,0.000000,0.000000,0,15,0,15,True,1.0,MATCH,,5.632,1.601,0.284,Qwen/Qwen3-ASR-1.7B,True,1.0
K00013595-BMG20-L1N2D2-E-K0KK-04251261,9,한 모금 먹으니,한복은 먹었니,한 모금 먹으니.,0.5,0.000000,0.000000,0,6,0,6,True,1.0,MATCH,,6.144,1.219,0.198,Qwen/Qwen3-ASR-1.7B,False,0.376171
K00013585-BFG23-L1N2D1-E-K0KK-01699947,9,그 말을 듣고 나는 서러워서 펑펑 울었다.,그 말을 듣고 나는 서러워서 펑펑 울었다,그 말을 듣고 나는 서러워서 팡팡 울었다.,0.0,0.125000,0.125000,2,16,2,16,False,0.96847,MATCH,,5.248,1.919,0.366,Qwen/Qwen3-ASR-1.7B,True,1.0
K00013970-BMG30-L1N2D4-E-K0KK-02161942,10,크리스마스라 그런지 해가 뜬 아침부터 거리엔 사람들이 북적거렸다,크리스마스라 그런지 해가 뜬 아침부터 거리에는 사람들이 북적 거렸다,크리스마스라 그런지 해가 뜬 아침부터 거리엔 사람들이 붓쩍거렸다.,0.071429,0.071429,0.071429,2,28,2,28,False,0.966862,MATCH,,6.272,2.660,0.424,Qwen/Qwen3-ASR-1.7B,False,0.996823
K00013970-BMG30-L1N2D1-E-K0KK-02103643,10,이 때 꽃은 후회하며 용서를 빌었다,인텔과 순수의 아내 용서를 빌었다,이때 꽃은 후회하며 용서를 빌었다.,0.571429,0.000000,0.000000,0,14,0,14,True,1.0,MATCH,,5.248,1.983,0.378,Qwen/Qwen3-ASR-1.7B,False,0.462761
K00013585-BFG23-L1N2D1-E-K0KK-01725487,9,까마귀 님인가?,까마귀 님인가,까마귀님인가?,0.0,0.000000,0.000000,0,6,0,6,True,1.0,MATCH,,5.056,1.059,0.210,Qwen/Qwen3-ASR-1.7B,True,1.0
K00014483-BMG20-L1N2D1-E-K0KK-02153732,7,간단한 퍼즐이니 형이랑 같이 해.,간단한 퍼즐이 형이랑 같이 얘기해,간단한 퍼즐이니 성이랑 같이 해.,0.230769,0.076923,0.076923,1,13,1,13,False,0.775908,REVIEW,,5.312,1.698,0.320,Qwen/Qwen3-ASR-1.7B,False,0.922138
K00013585-BFG23-L1N2D2-E-K0KK-01852237,9,저도 말하는 것을 좋아합니다.,저도 말하는것을 좋아합니다,저도 말하는 것을 좋아합니다.,0.0,0.000000,0.000000,0,12,0,12,True,1.0,MATCH,,5.120,1.199,0.234,Qwen/Qwen3-ASR-1.7B,True,1.0
K00014483-BMG20-L1N2D1-E-K0KK-02107581,7,나는 부모님께 거짓말을 해 꾸중을 들었다.,나는 부모님께 거짓말을 해 꾸중을 들었다,나는 부모님께 거짓말을 해 꾸중을 들었다.,0.0,0.000000,0.000000,0,17,0,17,True,1.0,MATCH,,6.784,2.075,0.306,Qwen/Qwen3-ASR-1.7B,True,1.0
K00013596-BMG23-L1N2D1-E-K0KK-02150903,8,상표도 받고 오늘은 행운의 날이다,춤춰도 봤고 오늘은 수능 날이다,청표도 받고 오늘은 행운의 날이다.,0.428571,0.071429,0.071429,1,14,1,14,False,0.868342,MATCH,,5.120,1.830,0.358,Qwen/Qwen3-ASR-1.7B,False,0.253632
K00014483-BMG20-L1N2D1-E-K0KK-02027632,7,오늘은 엄마와 형과 미용실에 갔다,오늘은 엄마와 정인과 미용실에 갔다,오늘은 엄마와 형과 미용실에 갔다.,0.142857,0.000000,0.000000,0,14,0,14,True,1.0,MATCH,,5.952,1.863,0.313,Qwen/Qwen3-ASR-1.7B,False,0.915083
K00013970-BMG30-L1N2D4-E-K0KK-02071507,10,무엇보다 화가는 너무 늙어버려서,무엇보다 허가는 너무 늙어 버려서,무엇보다 화가는 너무 늙어버려서.,0.071429,0.000000,0.000000,0,14,0,14,True,1.0,MATCH,,4.608,1.579,0.343,Qwen/Qwen3-ASR-1.7B,False,0.65119
K00013585-BFG23-L1N2D2-E-K0KK-01806902,9,아빠는 자상하십니다.,아빠는 자상하십니다,아빠는 사상하십니다.,0.0,0.111111,0.111111,1,9,1,9,False,0.538214,MISMATCH,,4.096,1.150,0.281,Qwen/Qwen3-ASR-1.7B,True,1.0
K00013597-BFG20-L1N2D1-E-K0KK-02117151,9,마카롱을 열 개나 샀다,마카롱의 열기 나섰다,마카롱을 열 개나 샀다.,0.333333,0.000000,0.000000,0,9,0,9,True,1.0,MATCH,,4.096,1.280,0.312,Qwen/Qwen3-ASR-1.7B,False,0.634906
K00014483-BMG20-L1N2D4-E-K0KK-01997815,7,가족들과 점심으로 자장면과 탕수육을 먹었다,가족들과 점심으로 짜장면과 탕수육을 먹었다,가족들과 점심으로 짜장면과 탱수육을 먹었다.,0.052632,0.105263,0.105263,2,19,2,19,False,0.897909,MATCH,,5.888,2.190,0.372,Qwen/Qwen3-ASR-1.7B,False,0.957874
K00013724-BFG30-L1N2D4-E-K0KK-02152827,10,나는 하루에 영상을 한 개 이상씩 올린다.,나는 하루에 영상을 1개 이상 씩 올린다,나는 하루에 영상을 한 개 이상씩 올린다.,0.0625,0.000000,0.000000,0,16,0,16,True,1.0,MATCH,,4.352,1.689,0.388,Qwen/Qwen3-ASR-1.7B,False,0.966604
K00013724-BFG30-L1N2D4-E-K0KK-02152449,10,드림 렌즈는 밤에 자기 전에 끼고 아침에 일어나서 렌즈를 빼고 생활한다.,드림렌즈는 밤에 자기전에 끼고 아침에 일어나서 렌즈를 빼고 생활 한다,드림렌즈는 밤에 자기 전에 끼고 아침에 일어나서 렌즈를 빼고 생활한다.,0.0,0.000000,0.000000,0,29,0,29,True,1.0,MATCH,,7.808,3.460,0.443,Qwen/Qwen3-ASR-1.7B,True,1.0
K00013970-BMG30-L1N2D1-E-K0KK-02103626,10,거짓말 하다가 들켜서 부끄러워 헛기침을 했다,거짓말하다가 뒤 계속 걸어서 기침을 하다,거짓말하다가 들키어서 부끄러워 헛기침을 했다.,0.473684,0.105263,0.105263,2,19,2,19,False,0.988865,MATCH,,6.464,2.347,0.363,Qwen/Qwen3-ASR-1.7B,False,0.554039
K00013597-BFG20-L1N2D1-E-K0KK-01809544,9,이불은 분홍색,이불은 분홍색,이불은 분홍색.,0.0,0.000000,0.000000,0,6,0,6,True,1.0,MATCH,,4.608,0.997,0.216,Qwen/Qwen3-ASR-1.7B,True,1.0
K00014483-BMG20-L1N2D1-E-K0KK-02027376,7,오늘은 가족들과 뒷산에 운동하러 나갔다,오늘은 가족들과 뒷산에 운동하러 나갔다,오늘은 가족들과 뒷산에 운동하러 나갔다.,0.0,0.000000,0.000000,0,17,0,17,True,1.0,MATCH,,5.760,1.998,0.347,Qwen/Qwen3-ASR-1.7B,True,1.0
K00013970-BMG30-L1N2D1-E-K0KK-02103365,10,아이가 부러웠던 이유는,아이가 부러웠던 이유는,아이가 부러웠던 이유는.,0.0,0.000000,0.000000,0,10,0,10,True,1.0,MATCH,,3.328,1.143,0.343,Qwen/Qwen3-ASR-1.7B,True,1.0
K00013585-BFG23-L1N2D1-E-K0KK-01700980,9,이 많은 짐을 가지고 피난을 가기는 힘들 것이다.,이 많은 짐을 가지고 피난을 가기는 힘들 것이다,이 많은 짐을 가지고 피난을 가기는 힘들 것이다.,0.0,0.000000,0.000000,0,19,0,19,True,1.0,MATCH,,5.696,1.888,0.331,Qwen/Qwen3-ASR-1.7B,True,1.0
K00013596-BMG23-L1N2D1-E-K0KK-02150917,8,삼 학년 형들과 같이 축구를 했는데 너무 재밌었다,3학년 형들과 같이 축구를 했는데 너무 재미있었다,삼학년 형들과 같이 축구를 했는데 너무 재미있었다.,0.15,0.100000,0.100000,2,20,2,20,False,0.990643,MATCH,,8.192,2.177,0.266,Qwen/Qwen3-ASR-1.7B,False,0.965083
K00013970-BMG30-L1N2D4-E-K0KK-02070193,10,화단에는 다양한 꽃들이 있었다,화단에는 다양한 꽃들이 있었다,화단에는 다양한 꽃들이 있었다.,0.0,0.000000,0.000000,0,13,0,13,True,1.0,MATCH,,4.352,1.216,0.279,Qwen/Qwen3-ASR-1.7B,True,1.0
K00014483-BMG20-L1N2D1-E-K0KK-02107019,7,씻고 나오니 기분이 좋다.,씻고 나오니 기분이 좋다,씻고 나오는 기분이 좋다.,0.0,0.100000,0.100000,1,10,1,10,False,0.986561,MATCH,,4.672,1.293,0.277,Qwen/Qwen3-ASR-1.7B,True,1.0
K00014483-BMG20-L1N2D1-E-K0KK-02109188,7,구름 같은 솜사탕을 맛있게 먹었다.,그럼 같은 사탕을 맛있게 먹었다,구름 같은 섬사탕을 맛있게 먹었다.,0.214286,0.071429,0.071429,1,14,1,14,False,0.901738,MATCH,,4.608,1.729,0.375,Qwen/Qwen3-ASR-1.7B,False,0.629715
K00014483-BMG20-L1N2D1-E-K0KK-02027202,7,학교에 가는 게 재미있고 내일은 무슨 일이 생길지 기대가 된다,학교에 가는 게 재미있고 내일은 무슨 일이 생길 지 기대가 된다,학교에 가는 게 재미있고 내일은 무슨 일이 생길지 기대가 된다.,0.0,0.000000,0.000000,0,25,0,25,True,1.0,MATCH,,7.168,2.266,0.316,Qwen/Qwen3-ASR-1.7B,True,1.0
K00014483-BMG20-L1N2D1-E-K0KK-02108946,7,옆 동네 아이들이 연을 날린다.,옛 동네 아이들이 연을 날린다,계속해서 아이들이 연을 달린다.,0.083333,0.416667,0.416667,5,12,5,12,False,0.758093,REVIEW,,5.824,1.461,0.251,Qwen/Qwen3-ASR-1.7B,False,0.955237
K00013970-BMG30-L1N2D4-E-K0KK-02070553,10,이 화가는 도시에 있는 모든 것들을 그리는 화가였다,이 화가는 도시에 있는 모든것들을 그리는 화가였다,이 화가는 도시에 있는 모든 것들을 그리는 화가였다.,0.0,0.000000,0.000000,0,21,0,21,True,1.0,MATCH,,6.144,1.946,0.317,Qwen/Qwen3-ASR-1.7B,True,1.0
K00014483-BMG20-L1N2D1-E-K0KK-02056100,7,나는 보드게임을 오백 원씩 네 개를 팔았다,나는 보드게임으로 100원씩 4개를 팔았다,나는 보드 게임을 오백 원씩 네 개를 팔았다.,0.352941,0.000000,0.000000,0,17,0,17,True,1.0,MATCH,,6.592,2.158,0.327,Qwen/Qwen3-ASR-1.7B,False,0.893159
K00014483-BMG20-L1N2D4-E-K0KK-01997604,7,이모할머니와 할아버지는 떠나는 우리를 보고 아쉬워하셨다,이모 할머니와 할아버지는 떠나는 우리를 보고 아쉬워 하셨다,이모 할머니와 할아버지는 떠나는 우리를 보고 아쉬워하셨다.,0.0,0.000000,0.000000,0,25,0,25,True,1.0,MATCH,,7.808,2.509,0.321,Qwen/Qwen3-ASR-1.7B,True,1.0
K00014483-BMG20-L1N2D4-E-K0KK-01996052,7,우리는 잡은 물고기를 들고 집으로 돌아왔다,우리는 작은 물고기를 들고 집으로 돌아왔다,우리는 잡은 물고기를 들고 집으로 돌아왔다.,0.055556,0.000000,0.000000,0,18,0,18,True,1.0,MATCH,,6.016,1.712,0.285,Qwen/Qwen3-ASR-1.7B,False,0.938702
K00013970-BMG30-L1N2D4-E-K0KK-02224454,10,동생이 엄마의 물건을 동생이 함부로 건드려서 망가트렸기 때문이다,동생의 엄마 이거 내 동생이 함부로 건드려서 망가트렸기 때문이다,동생의 엄마의 물건을 동생이 함부로 건드려서 망가뜨렸기 때문이다.,0.178571,0.071429,0.071429,2,28,2,28,False,0.98681,MATCH,,7.552,2.891,0.383,Qwen/Qwen3-ASR-1.7B,False,0.932504
K00013915-BFG20-L1N2D3-E-K0KK-02078086,8,"오늘 아빠, 엄마가 시장에 가서 빵을 사주셨다.",오늘 아빠 엄마가 시장에 가서 빵을 사 주셨다,오늘 아빠 엄마가 시장을 가서 빵을 사주셨다.,0.0,0.055556,0.055556,1,18,1,18,False,0.988878,MATCH,,7.040,2.194,0.312,Qwen/Qwen3-ASR-1.7B,True,1.0
K00013915-BFG20-L1N2D1-E-K0KK-02146856,8,할머니와 수박을 먹었는데 참 맛있었다.,할머니와 수박을 먹었는데 맛있었다,할머니와 수박을 먹었는데 참 맛있었다.,0.0625,0.000000,0.000000,0,16,0,16,True,1.0,MATCH,,6.656,1.941,0.292,Qwen/Qwen3-ASR-1.7B,False,0.992007
K00014483-BMG20-L1N2D4-E-K0KK-01996239,7,물고기를 뜯어먹는 아기 고양이가 너무 귀여웠다,물고기를 뜯어 먹는 아기고양이가 너무 귀여웠다,물고기를 뜯어먹는 아기 고양이가 너무 귀여웠다.,0.0,0.000000,0.000000,0,20,0,20,True,1.0,MATCH,,7.296,2.318,0.318,Qwen/Qwen3-ASR-1.7B,True,1.0
K00013597-BFG20-L1N2D1-E-K0KK-02116838,9,거미는 징그러워,거미는 징그러워,거미는 징그러워.,0.0,0.000000,0.000000,0,7,0,7,True,1.0,MATCH,,4.096,1.146,0.280,Qwen/Qwen3-ASR-1.7B,True,1.0
K00013585-BFG23-L1N2D1-E-K0KK-01725816,9,그동안 과학은 가장 자신 있는 과목이었기 때문에 자신이 있었다.,그동안 과학은 가장 자신 있는 과목이 없기때문에 자신이 있었다,그동안 과학은 가장 자신있는 과목이었기 때문에 자신이 있었다.,0.038462,0.000000,0.000000,0,26,0,26,True,1.0,MATCH,,7.616,2.283,0.300,Qwen/Qwen3-ASR-1.7B,False,0.65484
K00013585-BFG23-L1N2D2-E-K0KK-01806582,9,빨리 회복해서 잠도 푹 자고 음식도 맛있게 먹을 수 있으면 좋겠다.,빨리 회복해서 잠도 푹자고 음식도 맛있게 먹을 수 있으면 좋겠다,빨리 회복해서 잠도 푹 자고 음식도 맛있게 먹을 수 있으면 좋겠다.,0.0,0.000000,0.000000,0,26,0,26,True,1.0,MATCH,,8.192,2.990,0.365,Qwen/Qwen3-ASR-1.7B,True,1.0
K00013585-BFG23-L1N2D2-E-K0KK-01806515,9,열이 많이 나서 갈 수가 없다고 했다.,열이 많이 나서 갈수가 없다고 했다,열이 많이 나서 갈 수가 없다고 했다.,0.0,0.000000,0.000000,0,14,0,14,True,1.0,MATCH,,6.144,1.739,0.283,Qwen/Qwen3-ASR-1.7B,True,1.0
K00013596-BMG23-L1N2D1-E-K0KK-02150772,8,제주 흑돼지고기가 정말 맛있었다,제주 흑돼지 고기가 정말 맛있었다,제주흑제주고기가 정말 맛있었다.,0.0,0.142857,0.142857,2,14,2,14,False,0.92908,MATCH,,8.192,1.625,0.198,Qwen/Qwen3-ASR-1.7B,True,1.0
K00014483-BMG20-L1N2D4-E-K0KK-01997802,7,누나와 형이 이제 너도 내 후배라며 하하하고 웃었다,누나와 형 이제 너도 내 후배 한명 하하하 하고 웃어봐,누나와 형이 이제 너도 내 후배라면 하하 하고 웃었다.,0.285714,0.047619,0.047619,1,21,1,21,False,0.962129,MATCH,,7.552,2.174,0.288,Qwen/Qwen3-ASR-1.7B,False,0.871861
K00013970-BMG30-L1N2D4-E-K0KK-02069598,10,그 장면은 청소부 아저씨가 음악과 작가들의 대해 공부를 하는 장면이였다,그 장면은 청소부 아저씨가 음악과 작가들에 대해 공부를 하는 장면이었다,그 장면은 청소부 아저씨가 음악가 작가들에 대해 공부를 하는 장면이었다.,0.066667,0.100000,0.100000,3,30,3,30,False,0.978126,MATCH,,7.936,2.941,0.371,Qwen/Qwen3-ASR-1.7B,False,0.997387
K00013595-BMG20-L1N2D2-E-K0KK-04248323,9,내 몸이 감기를 이겼나봐.,내몸이 감기는 이겼나 봐,내 몸이 감기를 이겼나 봐.,0.1,0.000000,0.000000,0,10,0,10,True,1.0,MATCH,,7.168,1.536,0.214,Qwen/Qwen3-ASR-1.7B,False,0.889121
K00013596-BMG23-L1N2D1-E-K0KK-02150870,8,그래서 집에 와서 아빠한테 물어봤다,그래서 집에 와서 아빠한테 물어봤다,그래서 집에 와서 아빠한테 물어봤다.,0.0,0.000000,0.000000,0,15,0,15,True,1.0,MATCH,,5.632,1.767,0.314,Qwen/Qwen3-ASR-1.7B,True,1.0
K00013724-BFG30-L1N2D4-E-K0KK-02152600,10,집으로 올라오는 길에 차 안에서 끝말잇기를 했다.,집으로 올라오는 길에 차안에서 끝말잇기를 했다,집으로 올라오는 길에 차 안에서 끈마리 끼를 했다.,0.0,0.200000,0.200000,4,20,4,20,False,0.8201,REVIEW,,7.040,2.511,0.357,Qwen/Qwen3-ASR-1.7B,True,1.0
K00014483-BMG20-L1N2D4-E-K0KK-01851391,7,엄마와 할머니는 김장준비하러 밭으로 나가셨다,엄마와 할머니는 김장 준비하러 파트로 나 가셨다,엄마와 할머니는 김장 준비하러 밭으로 나가셨다.,0.1,0.000000,0.000000,0,20,0,20,True,1.0,MATCH,,6.784,2.118,0.312,Qwen/Qwen3-ASR-1.7B,False,0.873877
K00013596-BMG23-L1N2D1-E-K0KK-02150841,8,외할아버지 집에서 따온 파를 심었다,할아버지 집에서 더 파를 심었다,외할아버지 집에서 땅 파를 심었다.,0.2,0.133333,0.133333,2,15,2,15,False,0.872093,MATCH,,6.144,1.652,0.269,Qwen/Qwen3-ASR-1.7B,False,0.802228
K00013970-BMG30-L1N2D4-E-K0KK-02224435,10,엄마는 동생에게 화가 났다.,엄마는 동생에게 화가 났다,엄마는 동생에게 화가 났다.,0.0,0.000000,0.000000,0,11,0,11,True,1.0,MATCH,,4.096,1.446,0.353,Qwen/Qwen3-ASR-1.7B,True,1.0
K00013915-BFG20-L1N2D1-E-K0KK-02169288,8,"내가 싫어하는 음식은 바나나, 우유 그리고 버섯이다.",네가 싫어하는 음식은 바나나 우유 그리고 5시다,"내가 싫어하는 음식은 바나나, 우유 그리고 버섯이다.",0.190476,0.000000,0.000000,0,21,0,21,True,1.0,MATCH,,6.144,2.402,0.391,Qwen/Qwen3-ASR-1.7B,False,0.776099
K00014483-BMG20-L1N2D1-E-K0KK-02107557,7,친구는 새로 산 토끼 장난감을 보여주었다.,친구는 새로산 토끼 장난감을 보여 주었다,친구는 새로 산 토끼 장난감을 보여주었다.,0.0,0.000000,0.000000,0,17,0,17,True,1.0,MATCH,,6.656,2.252,0.338,Qwen/Qwen3-ASR-1.7B,True,1.0
K00013970-BMG30-L1N2D4-E-K0KK-02069795,10,바로 집 앞을 걸어나가는 아저씨의 발걸음 소리다,바로 집 앞에 걸어 다니는 아저씨의 바른 걸음 소리,바로 집 앞에 걸어다니는 아저씨의 발음 거름 소리다.,0.3,0.300000,0.300000,6,20,6,20,False,0.844634,REVIEW,,4.992,2.429,0.487,Qwen/Qwen3-ASR-1.7B,False,0.899272
K00014483-BMG20-L1N2D1-E-K0KK-02059037,7,가족들은 모두 모여 식사를 하시며 할머니의 어버이날을 축하하셨다,가족들은 모두 모여 식사를 하시면 할머니의 어버이 날을 축하해 주었다,가족들은 모두 모여 식사를 하시며 할머니의 어버이 날을 축하하셨다.,0.142857,0.000000,0.000000,0,28,0,28,True,1.0,MATCH,,9.024,3.638,0.403,Qwen/Qwen3-ASR-1.7B,False,0.925937
K00013585-BFG23-L1N2D2-E-K0KK-01769976,9,어느 날 엄마가 와서 나를 안아주며 네가 건강해서 참 감사하다고 했다.,어느날 엄마가 와서 나를 안아 주면 내가 건강해서 참 감사하다 고 있다,어느 날 엄마가 와서 나를 안아주며 내가 건강해서 참 감사하다고 했다.,0.107143,0.035714,0.035714,1,28,1,28,False,0.995742,MATCH,,8.192,3.275,0.400,Qwen/Qwen3-ASR-1.7B,False,0.958458
K00013595-BMG20-L1N2D2-E-K0KK-04247870,9,후회만 되네.,후회만 되네,후회만 되네.,0.0,0.000000,0.000000,0,5,0,5,True,1.0,MATCH,,6.144,1.149,0.187,Qwen/Qwen3-ASR-1.7B,True,1.0
K00014483-BMG20-L1N2D4-E-K0KK-01996016,7,형은 작은 물고기 네 마리를 잡았다,향한 작은 물고기 4마리를 잡았다,형은 작은 물고기 네 마리를 잡았다.,0.214286,0.000000,0.000000,0,14,0,14,True,1.0,MATCH,,6.784,1.764,0.260,Qwen/Qwen3-ASR-1.7B,False,0.807924
K00013970-BMG30-L1N2D1-E-K0KK-02103557,10,이 아이는 무슨 이유에선지 양을 그려달라고 요구했다,이 아이는 무슨 류의 정치 학를 그려 달라고 요구했다,이 아이는 무슨 이유에선지 양을 그려달라고 요구했다.,0.318182,0.000000,0.000000,0,22,0,22,True,1.0,MATCH,,5.888,1.924,0.327,Qwen/Qwen3-ASR-1.7B,False,0.608435
K00014483-BMG20-L1N2D1-E-K0KK-02153154,7,어머니는 내 이빨을 보시고는 실을 가져오셨다.,어머니는 내 이빨을 보시고는 시를 가져 오셨다,어머니는 내 이빨을 보시고는 실을 가져오셨다.,0.105263,0.000000,0.000000,0,19,0,19,True,1.0,MATCH,,7.488,2.094,0.280,Qwen/Qwen3-ASR-1.7B,False,0.853655
K00014483-BMG20-L1N2D1-E-K0KK-02059157,7,아 오늘은 여기저기 가느라 정신이 없는 하루였다,아 오늘은 여기저기 가느라 정신이 없는 하루였다,아 오늘은 여기 저기 가느라 정신이 없는 하루였다.,0.0,0.000000,0.000000,0,20,0,20,True,1.0,MATCH,,7.168,1.929,0.269,Qwen/Qwen3-ASR-1.7B,True,1.0
K00013596-BMG23-L1N2D1-E-K0KK-02150958,8,새로운 너프건도 사주셨다,새로운 너프건 더사 주셨다,새로운 러브건도 사주셨다.,0.090909,0.181818,0.181818,2,11,2,11,False,0.707247,REVIEW,,4.096,1.540,0.376,Qwen/Qwen3-ASR-1.7B,False,0.841859
K00013595-BMG20-L1N2D2-E-K0KK-04108963,9,새콤달콤한 맛.,새콤달콤한 맛,새콤달콤한 맛.,0.0,0.000000,0.000000,0,6,0,6,True,1.0,MATCH,,6.144,1.150,0.187,Qwen/Qwen3-ASR-1.7B,True,1.0
K00014483-BMG20-L1N2D1-E-K0KK-02027783,7,아주 작고 귀여운 네 살짜리 여자아이였다,아주 작고 귀여운 4살짜리 여자아이였다,아주 작고 귀여운 네 살짜리 여자 아이였다.,0.058824,0.000000,0.000000,0,17,0,17,True,1.0,MATCH,,6.464,2.032,0.314,Qwen/Qwen3-ASR-1.7B,False,0.915954
K00014483-BMG20-L1N2D1-E-K0KK-02107981,7,난 보통 쉬는 시간에 친구들과 수다를 떨면서 논다.,그럼 보통 쉬는 시간에 친구들과 수다를 떨면서 논다,난 보통 쉬는 시간에 친구들과 수다를 떨면서 놀다.,0.1,0.050000,0.050000,1,20,1,20,False,0.99461,MATCH,,8.320,2.485,0.299,Qwen/Qwen3-ASR-1.7B,False,0.923808
K00013915-BFG20-L1N2D1-E-K0KK-02168997,8,어제 케이크를 만들었다.,어제의 케이크를 만들었다,어제 케이크를 만들었다.,0.1,0.000000,0.000000,0,10,0,10,True,1.0,MATCH,,4.608,1.330,0.289,Qwen/Qwen3-ASR-1.7B,False,0.968573
K00014483-BMG20-L1N2D1-E-K0KK-02065371,7,우린 저녁을 먹고 텐트에 들어가 영화도 보고 게임도 했다,우리는 저녁을 먹고 그냥 들어가 영화도 보고 게임도 했다,우린 저녁을 먹고 텐트에 들어가 영화도 보고 게임도 했다.,0.217391,0.000000,0.000000,0,23,0,23,True,1.0,MATCH,,9.024,2.811,0.311,Qwen/Qwen3-ASR-1.7B,False,0.821949
K00013595-BMG20-L1N2D2-E-K0KK-04048490,9,달콤함이 사르르,달콤함이 사르르,달콤함이 사르르.,0.0,0.000000,0.000000,0,7,0,7,True,1.0,MATCH,,5.120,1.175,0.229,Qwen/Qwen3-ASR-1.7B,True,1.0
K00013915-BFG20-L1N2D1-E-K0KK-02169212,8,그리고 내가 알기로 아이들이 제일 많이 보는 영상은 흔한 남매이다.,그리고 내가 알기로 아이들이 제일 많이 보는 영상에는 렌 메이 다,그리고 내가 알기로 아이들이 제일 많이 보는 영상은 흐른 남매이다.,0.185185,0.074074,0.074074,2,27,2,27,False,0.901469,MATCH,,8.704,2.672,0.307,Qwen/Qwen3-ASR-1.7B,False,0.661357
K00014483-BMG20-L1N2D1-E-K0KK-02152928,7,이윽고 엄마가 안방에서 내 이름을 부르는 소리가 들렸다.,이윽고 엄마가 안방에서 내 이름을 부르는 소리가 들렸다,이윽고 엄마가 안방에서 내 이름을 부르는 소리가 들렸다.,0.0,0.000000,0.000000,0,23,0,23,True,1.0,MATCH,,10.368,2.641,0.255,Qwen/Qwen3-ASR-1.7B,True,1.0
K00013596-BMG23-L1N2D1-E-K0KK-02150814,8,너무 많이 틀려서 실망했다,너무 많이 들어서 실망했다,너무 많이 틀려서 실망했다.,0.181818,0.000000,0.000000,0,11,0,11,True,1.0,MATCH,,4.608,1.404,0.305,Qwen/Qwen3-ASR-1.7B,False,0.848761
K00014483-BMG20-L1N2D1-E-K0KK-02067240,7,하지만 내일은 학교에 가야 해서 일찍 자야 한다.,하지만 내일은 학교에 가야 해서 일찍 자야 한다,하지만 내일은 학교에 가야 해서 일찍 자야 한다.,0.0,0.000000,0.000000,0,19,0,19,True,1.0,MATCH,,6.208,2.057,0.331,Qwen/Qwen3-ASR-1.7B,True,1.0
K00013596-BMG23-L1N2D1-E-K0KK-02150796,8,마침내 성공하는줄 알았는데 계곡에 드론이 빠졌다,마침내 성공하는 줄 알았는데 개국에 들었니 빠졌다,마침내 성공하는 줄 알았는데 계곡에 드론이 빠졌다.,0.238095,0.000000,0.000000,0,21,0,21,True,1.0,MATCH,,7.680,2.514,0.327,Qwen/Qwen3-ASR-1.7B,False,0.52602
K00013724-BFG30-L1N2D4-E-K0KK-02152610,10,오래 걸리고 어려웠지만 재미있었다.,오래 걸리고 어려웠지만 재밌었다,오래 걸리고 어려웠지만 재미 있었다.,0.133333,0.000000,0.000000,0,15,0,15,True,1.0,MATCH,,3.712,1.547,0.417,Qwen/Qwen3-ASR-1.7B,False,0.988838
K00013595-BMG20-L1N2D2-E-K0KK-04104737,9,한입 가득 베어 물으면.,한입 가득 베어 먹으면,한입 가득 베어모르면.,0.111111,0.222222,0.222222,2,9,2,9,False,0.86059,MATCH,,6.144,1.396,0.227,Qwen/Qwen3-ASR-1.7B,False,0.784498
K00013585-BFG23-L1N2D2-E-K0KK-01769368,9,무슨 이야기를 하신 지는 모르겠지만 둘이 화해를 한 것 같았다.,무슨 이야기를 하신지는 모르겠지만 둘이 화해란 것 같았다,무슨 이야기를 하신지는 모르겠지만 둘이 화해를 한 것 같았다.,0.08,0.000000,0.000000,0,25,0,25,True,1.0,MATCH,,6.144,2.294,0.373,Qwen/Qwen3-ASR-1.7B,False,0.967181
K00013595-BMG20-L1N2D2-E-K0KK-04048260,9,놀이공원에서 맛볼 수 있는,놀이공원에서 맛볼 수 있는,놀이공원에서 맛볼 수 있는.,0.0,0.000000,0.000000,0,11,0,11,True,1.0,MATCH,,6.144,1.415,0.230,Qwen/Qwen3-ASR-1.7B,True,1.0
K00013585-BFG23-L1N2D2-E-K0KK-01768946,9,"그동안 쭉 백 점을 맞아왔는데, 너무 속상했다.",그동안 죽백 점을 맞았는데 너무 속상했다,그동안 쭉 백점을 맞아왔는데 너무 속상했다.,0.166667,0.000000,0.000000,0,18,0,18,True,1.0,MATCH,,6.144,2.107,0.343,Qwen/Qwen3-ASR-1.7B,False,0.861371
K00014483-BMG20-L1N2D1-E-K0KK-02066494,7,엄마는 엄마가 본 점수 중 최고의 점수라고 했다.,엄마는 엄마가 본 점수 중 최고의 점수라고 했다,엄마는 엄마가 본 점수 중 최고의 점수라고 했다.,0.0,0.000000,0.000000,0,19,0,19,True,1.0,MATCH,,8.320,2.432,0.292,Qwen/Qwen3-ASR-1.7B,True,1.0
K00013585-BFG23-L1N2D2-E-K0KK-01806551,9,"아빠는 너무 똑같이 보살피고 있지만, 언니가 오늘 아파서 조금 더 신경 쓰는 것뿐이야.",아빠는 너무 똑같이 보살 피고 있지만 언니가 오늘 아파서 조금 더 신경쓰는 것 뿐이야,아빠는 너무 똑같이 보살피고 있지만 언니가 오늘 아파서 조금 더 신경 쓰는 것 뿐이야.,0.0,0.000000,0.000000,0,34,0,34,True,1.0,MATCH,,9.216,3.574,0.388,Qwen/Qwen3-ASR-1.7B,True,1.0
K00014483-BMG20-L1N2D1-E-K0KK-02153915,7,하지만 뭔가 비슷하면서도 마지막 조각과는 달랐다.,지난번과 비슷하면서도 아주 망 초가과는 달랐다,하지만 뭔가 비슷하면서도 마지막 조각과는 달랐다.,0.428571,0.000000,0.000000,0,21,0,21,True,1.0,MATCH,,6.464,2.103,0.325,Qwen/Qwen3-ASR-1.7B,False,0.714442
K00014483-BMG20-L1N2D1-E-K0KK-02067195,7,다음은 핼러윈날에도 오늘 오늘처럼 신나게 놀았으면 좋겠다.,다음은 할로윈 날에도 오늘 오늘처럼 신나게 놀았으면 좋겠다,다음은 할로윈 날에도 오늘 오늘처럼 신나게 놀았으면 좋겠다.,0.08,0.080000,0.080000,2,25,2,25,False,0.791835,REVIEW,,8.640,2.525,0.292,Qwen/Qwen3-ASR-1.7B,False,0.781362
K00014483-BMG20-L1N2D1-E-K0KK-02027945,7,할머니는 행복해하시며 우리들에게 고맙다고 하셨다,할머니는 행복해 하시면 우리들에게 고맙다고 하셨다,할머니는 행복해하시며 우리들에게 고맙다고 하셨다.,0.045455,0.000000,0.000000,0,22,0,22,True,1.0,MATCH,,6.720,1.908,0.284,Qwen/Qwen3-ASR-1.7B,False,0.940659
K00013970-BMG30-L1N2D4-E-K0KK-02070010,10,그 중에서도 좋아하는 생각이 있었다,교정에서도 좋아하는 생각이 있었다,그중에서도 좋아하는 생각이 있었다.,0.133333,0.000000,0.000000,0,15,0,15,True,1.0,MATCH,,4.608,1.160,0.252,Qwen/Qwen3-ASR-1.7B,False,0.754929
K00013585-BFG23-L1N2D1-E-K0KK-01725721,9,그래서 직접 책을 썼는데 그 이야기가 어찌나 재미있던지요,그래서 직접 찾아 썼는데 그 이야기가 어찌나 재밌던지요,그래서 직접 책을 썼는데 그 이야기가 어찌나 재밌던지요.,0.166667,0.083333,0.083333,2,24,2,24,False,0.994828,MATCH,,6.848,2.140,0.312,Qwen/Qwen3-ASR-1.7B,False,0.906755
K00013915-BFG20-L1N2D1-E-K0KK-02169070,8,정말 정말 기분이 묘했고 정말 정말 불이 뜨거웠다.,정말 정말 기분이 묘 입고 정말정말 부릴 때가 있다,정말 정말 기분이 묘했고 정말 정말 불이 뜨거웠다.,0.3,0.000000,0.000000,0,20,0,20,True,1.0,MATCH,,6.144,2.208,0.359,Qwen/Qwen3-ASR-1.7B,False,0.67497
K00013915-BFG20-L1N2D3-E-K0KK-02078171,8,그 중에서 고로케가 제일 맛있었다.,그중에서 고로케가 제일 맛있었다,그 중에서 코르케가 제일 맛있었다.,0.0,0.142857,0.142857,2,14,2,14,False,0.685726,MISMATCH,,6.400,1.775,0.277,Qwen/Qwen3-ASR-1.7B,True,1.0
K00013585-BFG23-L1N2D2-E-K0KK-01854003,9,동생과 팔씨름을 했는데 내가 졌다.,동생과 팔씨름을 했는데 내가 졌다,동생과 펄시름을 했는데 내가 졌다.,0.0,0.142857,0.142857,2,14,2,14,False,0.873839,MATCH,,4.096,2.028,0.495,Qwen/Qwen3-ASR-1.7B,True,1.0
K00013595-BMG20-L1N2D2-E-K0KK-04255825,9,커서 제빵사가 되야지.,커서 제빵사가 돼야지,커서 제빵사가 돼야지.,0.111111,0.111111,0.111111,1,9,1,9,False,0.994656,MATCH,,6.144,1.587,0.258,Qwen/Qwen3-ASR-1.7B,False,0.986498
K00013724-BFG30-L1N2D4-E-K0KK-02116945,10,남자애들은 그 커다란 나방을 잡으려고 교실을 돌아다니고 여자애들은 나방을 피해서 도망가고 숨었다.,남자애들은 그 커다란 나방을 잡으려는 의지를 돌아다니고 여자애들은 다 망을 피해서 도망 갔고 숨었다,남자애들은 그 커다란 나방을 잡으려고 구실을 돌아다니고 여자애들은 나방을 피해서 도망가고 숨었다.,0.166667,0.023810,0.023810,1,42,1,42,False,0.919268,MATCH,,8.064,3.876,0.481,Qwen/Qwen3-ASR-1.7B,False,0.850873
K00013585-BFG23-L1N2D1-E-K0KK-01725706,9,그러다 걸려서 쫓겨난 뒤 다니던(더니던) 서점에서 강도질까지 했어요,그러다 걸려서 또 갔는데 던이던 서점에서 강도 질까지 했어요,그러자 걸려서 쫓겨난 뒤 던이던 서점에서 강도질까지 했어요.,0.285714,0.178571,0.178571,5,28,5,28,False,0.906062,MATCH,,7.616,2.980,0.391,Qwen/Qwen3-ASR-1.7B,False,0.82235
K00013970-BMG30-L1N2D4-E-K0KK-02071367,10,그렇게 화가는 몇주동안 바다에 더 머물 수 있었다,그렇게 화가 난것도 많다 더 머물 수 있었다,그렇게 하가는 몇 주 동안 바다에 더 머물 수 있었다.,0.35,0.050000,0.050000,1,20,1,20,False,0.743515,REVIEW,,5.504,2.079,0.378,Qwen/Qwen3-ASR-1.7B,False,0.467058
K00014483-BMG20-L1N2D4-E-K0KK-01997959,7,누나는 중학생이 되어 설레도 떨린다고 했다,나는 중학생이 되어 설레고 떨린다 고 한다,누나는 중학생이 되어 설레도 떨린다고 한다.,0.166667,0.055556,0.055556,1,18,1,18,False,0.978505,MATCH,,7.168,1.974,0.275,Qwen/Qwen3-ASR-1.7B,False,0.786923
K00014483-BMG20-L1N2D1-E-K0KK-02153909,7,누나의 손에는 마지막 조각이 있었다.,나의 손해는 맞지만 조각이 있었다,또 나의 손에는 마지막 조각이 있었다.,0.266667,0.066667,0.066667,1,15,1,15,False,0.733182,REVIEW,,6.912,1.570,0.227,Qwen/Qwen3-ASR-1.7B,False,0.359413
K00013585-BFG23-L1N2D1-E-K0KK-01700329,9,편지를 쓰다 보니 그동안 동생에게 잘 못 했던 일들이 자꾸 생각났다.,편지를 쓰다 보니 그동안 고생했다 잘 못했던 일들이 자꾸 생각나,편지를 쓰다 보니 그동안 동생에게 잘못했던 일들이 자꾸 생각났다.,0.185185,0.000000,0.000000,0,27,0,27,True,1.0,MATCH,,7.552,2.516,0.333,Qwen/Qwen3-ASR-1.7B,False,0.825225
K00014483-BMG20-L1N2D4-E-K0KK-01997211,7,강아지도 달라고 꼬리를 흔들며 끙끙거렸다,강아지도 달라고 해라 흔들며 꿈 꾼 거면 다,강아지도 달아가 꼬리를 흔들며 끙끙 거렸다.,0.333333,0.111111,0.111111,2,18,2,18,False,0.832063,REVIEW,,6.912,2.442,0.353,Qwen/Qwen3-ASR-1.7B,False,0.698457
K00013915-BFG20-L1N2D1-E-K0KK-02169118,8,일주일 전에는 에덴이라는 갈색 말을 탔고 사일 전에는 이름을 모르는 하얀색 말을 탔다.,일주일 전에는 에덴이라는 갈색 marta 542 전에 내 이름을 모르는 세마리,일주일 전에는 에덴이라는 갈색 말을 탔고 사일 전에는 이름을 모르는 하얀색 말을 탔다.,0.457143,0.000000,0.000000,0,35,0,35,True,1.0,MATCH,,9.216,3.419,0.371,Qwen/Qwen3-ASR-1.7B,False,0.681596
K00013597-BFG20-L1N2D1-E-K0KK-02117173,9,편지를 써 줬어,편지를 써 줬어,편지를 써 줘.,0.0,0.333333,0.333333,2,6,2,6,False,0.874627,MATCH,,3.584,1.057,0.295,Qwen/Qwen3-ASR-1.7B,True,1.0
K00013970-BMG30-L1N2D4-E-K0KK-02070626,10,그 얘기를 들은 화가는 바다로 너무나 가고 싶었다,그 얘기를 들은 화가 난 바다로 너무나 가고 싶었다,그 얘기를 들은 화가는 바다로 너무 나가고 싶었다.,0.05,0.000000,0.000000,0,20,0,20,True,1.0,MATCH,,5.248,2.020,0.385,Qwen/Qwen3-ASR-1.7B,False,0.834057
K00014483-BMG20-L1N2D1-E-K0KK-02154069,7,설마 내가 씻고 오는 동안 먹는 건 아니겠지?,주면 내가 씻고 오는 동안 먹는 건 아니겠지,설마 내가 씻고 오는 동안 먹는 건 아니겠지?,0.117647,0.000000,0.000000,0,17,0,17,True,1.0,MATCH,,6.144,2.048,0.333,Qwen/Qwen3-ASR-1.7B,False,0.898586
K00013596-BMG23-L1N2D1-E-K0KK-02150777,8,그래서 구민운동장에 갔다,그래서 운동장에 갔다,그래서 국민운동장에 갔다.,0.181818,0.090909,0.090909,1,11,1,11,False,0.836708,REVIEW,,5.120,1.282,0.250,Qwen/Qwen3-ASR-1.7B,False,0.667218
K00013596-BMG23-L1N2D1-E-K0KK-02150791,8,오늘 학교 급식으로 흔들도시락이 나왔다,오늘 학교 급식으로 흔들 도시락이 나왔다,오늘 학교 점심으로 한 데 도시락이 나왔다.,0.0,0.235294,0.235294,4,17,4,17,False,0.673918,MISMATCH,,6.656,2.050,0.308,Qwen/Qwen3-ASR-1.7B,True,1.0
K00013970-BMG30-L1N2D4-E-K0KK-02222732,10,누나는 장난에 사람들이 화를 내는것이 재밌는걸까?,누나는 장난에 사람들이 화를 내는것이 재밌는 걸까,누나는 장난에 사람들이 화를 내는 것이 재밌는 걸까?,0.0,0.000000,0.000000,0,21,0,21,True,1.0,MATCH,,5.888,1.995,0.339,Qwen/Qwen3-ASR-1.7B,True,1.0
K00013970-BMG30-L1N2D1-E-K0KK-02103539,10,이 책의 줄거리는  이렇게 시작한다,유전자 줄거리는 이렇게 시작한다,이 책의 줄거리는 이렇게 쓰였나?,0.214286,0.285714,0.285714,4,14,4,14,False,0.786656,REVIEW,,4.352,1.603,0.368,Qwen/Qwen3-ASR-1.7B,False,0.592453
K00013596-BMG23-L1N2D1-E-K0KK-02150786,8,관장님이 제일 먼저 술래를 했다,관장님이 제일 먼저 술래를 했다,관장님이 제일 먼저 술래를 했다.,0.0,0.000000,0.000000,0,13,0,13,True,1.0,MATCH,,5.632,1.666,0.296,Qwen/Qwen3-ASR-1.7B,True,1.0
K00013597-BFG20-L1N2D1-E-K0KK-01886012,9,겨울 찬바람이 매서워,겨울 찬바람이 매서워,겨울 찬바람이 매서워.,0.0,0.000000,0.000000,0,9,0,9,True,1.0,MATCH,,5.120,1.368,0.267,Qwen/Qwen3-ASR-1.7B,True,1.0
K00013596-BMG23-L1N2D1-E-K0KK-02150910,8,축구를 열심히 해서 그런지 배가 고팠다,축구를 열심히 해서 그런지 배가 고팠다,축구를 열심히 해서 그런지 배가 고팠다.,0.0,0.000000,0.000000,0,16,0,16,True,1.0,MATCH,,5.120,1.940,0.379,Qwen/Qwen3-ASR-1.7B,True,1.0
K00013596-BMG23-L1N2D1-E-K0KK-02150781,8,오랜만에 축구를 해서 떨렸다,오랜만에 축구를 해서 날렸다,오랜만에 축구를 해서 떨렸다.,0.083333,0.000000,0.000000,0,12,0,12,True,1.0,MATCH,,5.120,1.742,0.340,Qwen/Qwen3-ASR-1.7B,False,0.788851
K00013915-BFG20-L1N2D3-E-K0KK-02078610,8,옛날 옛날 호랑이가 담배 피우던 시절에 어떤 아이가 살았다.,옛날 옛날 호랑이가 담배 피우 던 시절에 어떤 아이가 산다,옛날 옛날 호랑이가 담배 피우던 시절에 어떤 아이가 살다.,0.083333,0.041667,0.041667,1,24,1,24,False,0.987081,MATCH,,8.448,2.718,0.322,Qwen/Qwen3-ASR-1.7B,False,0.962695
K00013597-BFG20-L1N2D1-E-K0KK-01920168,9,햄버거가 좋아,햄버거가 좋아,햄버거가 좋아.,0.0,0.000000,0.000000,0,6,0,6,True,1.0,MATCH,,3.584,0.898,0.250,Qwen/Qwen3-ASR-1.7B,True,1.0
K00013970-BMG30-L1N2D1-E-K0KK-02103785,10,그리고 가족들한테 투정을 부린게 나중에 후회가 된적이 있다,그리고 가족들한테 투정을 부린 게 나중에 후회가 된적이 있다,그리고 가족들한테 투정을 부린 게 나중에 후회가 된 적이 있다.,0.0,0.000000,0.000000,0,25,0,25,True,1.0,MATCH,,7.232,2.730,0.378,Qwen/Qwen3-ASR-1.7B,True,1.0
K00013970-BMG30-L1N2D4-E-K0KK-02223150,10,으아~~~난 남자인데 왜 여자가 되어 있는거지?,난 남자인데 왜 여자가 되어 있는 거지,"우와, 난 남자인데 왜 여자가 되어 있는 거지?",0.117647,0.117647,0.117647,2,17,2,17,False,0.965777,MATCH,,5.632,1.982,0.352,Qwen/Qwen3-ASR-1.7B,False,0.962605
K00013595-BMG20-L1N2D2-E-K0KK-04090012,9,손을 뻗어도 만질 수 없어.,손을 뻗어도 만질 수 없어,손을 뻗어도 만질 수 없어.,0.0,0.000000,0.000000,0,10,0,10,True,1.0,MATCH,,6.144,1.547,0.252,Qwen/Qwen3-ASR-1.7B,True,1.0
K00013596-BMG23-L1N2D1-E-K0KK-02150782,8,오늘은 농구장에서 축구를 했다,오늘은 농구장에서 축구를 했다,오늘은 농구장에서 축구를 했다.,0.0,0.000000,0.000000,0,13,0,13,True,1.0,MATCH,,5.632,1.845,0.328,Qwen/Qwen3-ASR-1.7B,True,1.0
K00013970-BMG30-L1N2D4-E-K0KK-02222352,10,그러자 작은 누나는 나는 모르는 일이라며 아니라고 했다.,클로버 작은누나는보다는 모르는 일이라며 아니라고 했다,그러자 자군은 나는 모 나는 모르는 일이라며 아니라고 했다.,0.217391,0.173913,0.173913,4,23,4,23,False,0.70328,REVIEW,,6.016,2.143,0.356,Qwen/Qwen3-ASR-1.7B,False,0.729698
K00013595-BMG20-L1N2D2-E-K0KK-04250030,9,함박눈 뭉쳐서,함박눈 멍청해서,한 방눈 뭉쳐서.,0.5,0.333333,0.333333,2,6,2,6,False,0.593832,MISMATCH,,6.144,1.246,0.203,Qwen/Qwen3-ASR-1.7B,False,0.794629
K00014483-BMG20-L1N2D1-E-K0KK-02059185,7,오늘은 누나가 머리카락을 자르고 왔다,오늘은 누나가 머리카락을 자르고 왔다,오늘은 누나가 머리카락을 자르고 왔다.,0.0,0.000000,0.000000,0,16,0,16,True,1.0,MATCH,,5.888,2.099,0.356,Qwen/Qwen3-ASR-1.7B,True,1.0
K00013915-BFG20-L1N2D1-E-K0KK-02169141,8,근데 내 말 앞에서 걸어 가던 말이 갑자기 멈추더니 똥을 쌌다.,근데 내 말 앞에서 걸어 가던 날이 갑자기 망치 다니 동안 있었다,근데 내 말 앞에서 걸어가던 말이 갑자기 멈추더니 똥을 쐈다.,0.333333,0.041667,0.041667,1,24,1,24,False,0.964109,MATCH,,8.192,2.835,0.346,Qwen/Qwen3-ASR-1.7B,False,0.706057
K00014483-BMG20-L1N2D1-E-K0KK-02108953,7,당근은 정말 맛이 없다.,당근은 정말 맛이 없다,당근은 정말 맛이 없다.,0.0,0.000000,0.000000,0,9,0,9,True,1.0,MATCH,,4.672,1.151,0.246,Qwen/Qwen3-ASR-1.7B,True,1.0
K00014723-BMG20-L1N2D4-E-K0KK-02052970,9,몸에 긴 줄 두 개를 고정시키면 서 있다 위로 올라갔다 내려갔다 해준다.,보물 진주 2 계를 고정 시키면 설 따위로 올라갔다 내려갔다 해 준다,보면 긴 줄 두 개를 고정시키면 서 있다 위로 올라갔다 내려갔다 해준다.,0.321429,0.071429,0.071429,2,28,2,28,False,0.916508,MATCH,,10.752,3.085,0.287,Qwen/Qwen3-ASR-1.7B,False,0.496598
K00013970-BMG30-L1N2D1-E-K0KK-02103630,10,그래서 어린왕자는 진심 어린 마음에도 불구하고,그래서 어린 왕자는 진심 어린 마음에도 불구하고,그래서 어린 왕자는 진심 어린 마음에도 불구하고.,0.0,0.000000,0.000000,0,20,0,20,True,1.0,MATCH,,5.952,1.393,0.234,Qwen/Qwen3-ASR-1.7B,True,1.0
K00014483-BMG20-L1N2D1-E-K0KK-02153297,7,바람이 너무 강해서 우산이 그만 망가졌다.,바람이 너무 강해서 우산을 만 망가졌다,피파람이 너무 강해서 우산이 그만 반가졌다.,0.117647,0.176471,0.176471,3,17,3,17,False,0.706616,REVIEW,,7.104,1.505,0.212,Qwen/Qwen3-ASR-1.7B,False,0.961645
K00013970-BMG30-L1N2D1-E-K0KK-02103620,10,심술궂은 허영심으로 바람막이를 요청하거나,심술궂은 허영심으로 바람막이를 요청 하거나,침투 곁은 허영심으로 바람막이를 요청하거나.,0.0,0.157895,0.157895,3,19,3,19,False,0.869339,MATCH,,6.272,1.724,0.275,Qwen/Qwen3-ASR-1.7B,True,1.0
K00013596-BMG23-L1N2D1-E-K0KK-02150896,8,다음에 또 하면 잘 할 수 있을 것 같다,남은 돈은 잘 할 수 있을 것 같다,다음에 또 와면 잘할 수 있을 것 같다.,0.428571,0.071429,0.071429,1,14,1,14,False,0.932208,MATCH,,5.632,1.361,0.242,Qwen/Qwen3-ASR-1.7B,False,0.554414
K00013595-BMG20-L1N2D2-E-K0KK-04089561,9,기분이 흐뭇해지는,기분이 흐뭇해 지는,기분이 흐뭇해지는.,0.0,0.000000,0.000000,0,8,0,8,True,1.0,MATCH,,6.144,1.116,0.182,Qwen/Qwen3-ASR-1.7B,True,1.0
K00014483-BMG20-L1N2D1-E-K0KK-02027475,7,누나가 어릴 때 벌에 쏘인 적이 있어 벌레를 무서워한다고 한다,누나가 어릴때 팔에 쏘인적이 있어 벌레를 무서워 한다고 한다,누나가 어릴 때 벌을 쏘인 적이 있어 벌레를 무서워한다고 한다.,0.04,0.040000,0.040000,1,25,1,25,False,0.993617,MATCH,,7.872,2.374,0.302,Qwen/Qwen3-ASR-1.7B,False,0.905245
K00013915-BFG20-L1N2D1-E-K0KK-02168946,8,어젯 밤에 코피가 났다.,어젯밤에 코피가 났다,어젯밤에 코피가 났다.,0.0,0.000000,0.000000,0,9,0,9,True,1.0,MATCH,,4.608,1.182,0.256,Qwen/Qwen3-ASR-1.7B,True,1.0
K00013585-BFG23-L1N2D1-E-K0KK-01700683,9,평소에는 읽고 싶은 책을 적어 놨다가 도서관에서 빌려서 본다.,형성하는 일고 싶은 책을 잠깐 왔다가 도서관에서 빌려서 몰라,평소에는 읽고 싶은 책을 적어놨다가 도서관에서 빌려서 본다.,0.36,0.000000,0.000000,0,25,0,25,True,1.0,MATCH,,7.296,2.254,0.309,Qwen/Qwen3-ASR-1.7B,False,0.778412
K00014483-BMG20-L1N2D4-E-K0KK-01851419,7,형은 뽑은 무와 쪽파를 마당으로 옮겼다,정원 뽑은 무안 쪽파를 마당으로 옮겼다,경왕 뽑은 무와 쪽파를 마당으로 옮겼다.,0.1875,0.125000,0.125000,2,16,2,16,False,0.827594,REVIEW,,6.144,1.831,0.298,Qwen/Qwen3-ASR-1.7B,False,0.749558
K00014483-BMG20-L1N2D4-E-K0KK-01995964,7,갈매기들이 하나둘씩 우리에게 모이기 시작했다,갈매기들이 하나둘씩 우리에게 모이기 시작했다,갈매기들이 하나 둘씩 우리에게 모이기 시작했다.,0.0,0.000000,0.000000,0,20,0,20,True,1.0,MATCH,,7.168,1.770,0.247,Qwen/Qwen3-ASR-1.7B,True,1.0
K00014483-BMG20-L1N2D1-E-K0KK-02059101,7,저녁엔 가족들과 친할머니댁에 갔다,저녁엔 가족들과 친 할머니 댁에 갔다,저녁엔 가족들과 친할머니 댁에 갔다.,0.0,0.000000,0.000000,0,15,0,15,True,1.0,MATCH,,6.080,1.621,0.267,Qwen/Qwen3-ASR-1.7B,True,1.0
K00013970-BMG30-L1N2D1-E-K0KK-02104036,10,"자서전, 위인전, 소설, 동화책 등등 다양한 책들이 있었다.",자서전 위인전 소설 동화책 등등 다양한 책들이 있었다,"자서전, 위인전, 소설, 동화책 등등 다양한 책들이 있었다.",0.0,0.000000,0.000000,0,22,0,22,True,1.0,MATCH,,8.768,1.970,0.225,Qwen/Qwen3-ASR-1.7B,True,1.0
K00013970-BMG30-L1N2D1-E-K0KK-02103719,10,어린왕자가 여우에게 같이 놀자고 했지만,어린왕자가 여우에게 같이 놀자고 해,어린 남자가 여우에게 같이 놀자고 했지만.,0.176471,0.058824,0.058824,1,17,1,17,False,0.833856,REVIEW,,6.016,1.621,0.269,Qwen/Qwen3-ASR-1.7B,False,0.917916
K00013970-BMG30-L1N2D4-E-K0KK-02222785,10,공부해야 하는데 자꾸 시끄럽게 떠든다는 이유다,공부해야 하는데 자꾸 시끄럽게 떠 든다는 이유다,공부해야 하는데 자꾸 시끄럽게 떠든다는 이유다.,0.0,0.000000,0.000000,0,20,0,20,True,1.0,MATCH,,5.120,1.657,0.324,Qwen/Qwen3-ASR-1.7B,True,1.0
K00013970-BMG30-L1N2D1-E-K0KK-02104074,10,작은누나는 건성건성 대답하며 엄마를 돌려 보냈다.,작은누나는 건성 건성 대답 강요 엄마를 돌려 보냈다,작은 누나는 건성건숙 대답하며 엄마를 돌려보냈다.,0.095238,0.047619,0.047619,1,21,1,21,False,0.905042,MATCH,,6.592,1.910,0.290,Qwen/Qwen3-ASR-1.7B,False,0.925364
K00013970-BMG30-L1N2D1-E-K0KK-02104045,10,나는 책을 빌리고 짐을 챙겨 집으로 갔다.,나는 책을 빌리고 짐을 챙겨 집으로 갔다,나는 책을 빌리고 짐을 챙겨 집으로 갔다.,0.0,0.000000,0.000000,0,16,0,16,True,1.0,MATCH,,5.248,1.840,0.351,Qwen/Qwen3-ASR-1.7B,True,1.0
K00013915-BFG20-L1N2D3-E-K0KK-02078940,8,나도 그러고 싶다.,나도 그러고 싶다,나도 그러고 싶다.,0.0,0.000000,0.000000,0,7,0,7,True,1.0,MATCH,,4.864,0.933,0.192,Qwen/Qwen3-ASR-1.7B,True,1.0
K00013585-BFG23-L1N2D2-E-K0KK-01854235,9,엄마는 굉장히 황당해하셨다.,엄마는 굉장히 황당해 하셨다,엄마는 굉장히 황당해하셨다.,0.0,0.000000,0.000000,0,12,0,12,True,1.0,MATCH,,4.096,1.079,0.263,Qwen/Qwen3-ASR-1.7B,True,1.0
K00014483-BMG20-L1N2D1-E-K0KK-02153592,7,형은 어른들이 우산을 보면 혼내실 거라고 했다.,겪는 어른들이 무서워하는 은혼 내실거라고 했다,저는 어른들이 우산을 보면 혼내실 거라고 했다.,0.421053,0.105263,0.105263,2,19,2,19,False,0.922463,MATCH,,7.872,1.755,0.223,Qwen/Qwen3-ASR-1.7B,False,0.588433
K00014483-BMG20-L1N2D1-E-K0KK-02065240,7,형은 그 모습을 보고 도망을 쳤고 누나들은 나를 구해주었다,형은 그 모습을 보고 도망을 쳤고 누나들은 나를 구해 주었다,형은 그 모습을 보고 도망을 쳤고 누나들은 나를 구해 주었다.,0.0,0.000000,0.000000,0,24,0,24,True,1.0,MATCH,,9.408,2.130,0.226,Qwen/Qwen3-ASR-1.7B,True,1.0
K00014483-BMG20-L1N2D4-E-K0KK-01851483,7,이모는 마당에 옮겨놓은 무를 씻으셨다,이모는 마당에 옮겨 놓은 물을 실수로 졌다,이모는 마당에 옮겨놓은 물을 씻으셨다.,0.375,0.125000,0.125000,2,16,2,16,False,0.799722,REVIEW,,5.632,1.718,0.305,Qwen/Qwen3-ASR-1.7B,False,0.54352
K00014483-BMG20-L1N2D1-E-K0KK-02109406,7,포도도 덜 익어서 아직 작았다.,포도도 덜 익어서 아직 차갑다,포도도 덜익어서 아직 작았다.,0.166667,0.000000,0.000000,0,12,0,12,True,1.0,MATCH,,5.184,1.117,0.216,Qwen/Qwen3-ASR-1.7B,False,0.845184
K00013970-BMG30-L1N2D4-E-K0KK-02162685,10,그렇게 광장으로 친구들이 한두명씩 모이기 시작했고,그렇게 광장으로 친구들이 한두명씩 보이 기 시작했고,그렇게 광장으로 친구들이 한두 명씩 모이기 시작했고.,0.045455,0.000000,0.000000,0,22,0,22,True,1.0,MATCH,,6.528,1.952,0.299,Qwen/Qwen3-ASR-1.7B,False,0.946314
K00013915-BFG20-L1N2D3-E-K0KK-02077467,8,오늘은 달고나를 만들었다.,오늘은 달고나를 만들었다,오늘은 달고나를 만들었다.,0.0,0.000000,0.000000,0,11,0,11,True,1.0,MATCH,,5.760,1.144,0.199,Qwen/Qwen3-ASR-1.7B,True,1.0
K00013970-BMG30-L1N2D1-E-K0KK-02102950,10,저러다가 타무즈의 힘이 나보다 더 커지면 어떡하지?',코로나 경제 리더보다 커지면 어떡하지,저러다 탕우주에 이미 나보다 커지면 어떡하지?,0.571429,0.380952,0.380952,8,21,8,21,False,0.678789,MISMATCH,,5.952,1.655,0.278,Qwen/Qwen3-ASR-1.7B,False,0.493325
K00014483-BMG20-L1N2D1-E-K0KK-02066898,7,재밌게 물장구도 치고 깨끗하게 씻고 나왔다.,자리잡을 당구도 치고 깨끗하게 씻고 나왔다,자미가 물장구도 치고 깨끗하게 씻고 나왔다.,0.277778,0.166667,0.166667,3,18,3,18,False,0.759774,REVIEW,,6.208,1.805,0.291,Qwen/Qwen3-ASR-1.7B,False,0.70029
K00013970-BMG30-L1N2D4-E-K0KK-02222976,10,큰 누나의 꿈은 드라마 작가란다. 난 커서 회사의 회장님이 될 것이다.,그 누나의 꿈은 드라마작가 난다 던 커서 회사 회장님이 될 것이다,큰 나의 꿈은 드라마 작가란다. 난 커서 회사의 회장님이 될 것이다.,0.148148,0.037037,0.037037,1,27,1,27,False,0.922682,MATCH,,9.088,2.717,0.299,Qwen/Qwen3-ASR-1.7B,False,0.90746
K00013596-BMG23-L1N2D1-E-K0KK-02150795,8,처음 해보니 자꾸 실패를 해서 속상했다,처음해본을 자꾸 실패를 해서 속상했다,처음 해보니 자꾸 실패를 해서 속상했다.,0.125,0.000000,0.000000,0,16,0,16,True,1.0,MATCH,,5.632,1.514,0.269,Qwen/Qwen3-ASR-1.7B,False,0.96976
K00013970-BMG30-L1N2D1-E-K0KK-02104063,10,작은 누나는 눈이 빠지는줄 알았다 말하며 방으로 들어갔다.,작은누나는 2개 빠지는 줄 알았다만 하며 방으로 들어갔다,작은 누나는 눈이 빠지는 줄 알았다 말하며 방으로 들어갔다.,0.125,0.000000,0.000000,0,24,0,24,True,1.0,MATCH,,7.360,2.108,0.286,Qwen/Qwen3-ASR-1.7B,False,0.718086
K00014483-BMG20-L1N2D1-E-K0KK-02107885,7,저 둘은 항상 사이가 좋다.,벽돌은 항상 사이가 좋다,저 둘은 항상 사이가 좋다.,0.2,0.000000,0.000000,0,10,0,10,True,1.0,MATCH,,4.160,1.081,0.260,Qwen/Qwen3-ASR-1.7B,False,0.629622
K00013915-BFG20-L1N2D3-E-K0KK-02078579,8,그냥 찹쌀 도너츠는 대신 검은 콩 찹쌀 도너츠보다 더 쫄깃했다.,그냥 찹쌀 도너츠는 대신 검은콩 찹쌀 도너츠보다 더 짜릿했다,그냥 찹쌀 도너츠는 대신 검은콩 찹쌀 도너츠보다 더 쫄깃했다.,0.08,0.000000,0.000000,0,25,0,25,True,1.0,MATCH,,8.448,2.343,0.277,Qwen/Qwen3-ASR-1.7B,False,0.907237
K00014723-BMG20-L1N2D4-E-K0KK-02174413,9,나는 어렸을때 미국에서 살아서 한국어 어휘에 서툴다.,나는 어렸을 때 미국에서 살면서 한국어 어휘에 서툴다,나는 어렸을 때 미국에서 살아서 한국어 어휘에 서툴다.,0.045455,0.000000,0.000000,0,22,0,22,True,1.0,MATCH,,9.472,1.834,0.194,Qwen/Qwen3-ASR-1.7B,False,0.986543
K00013585-BFG23-L1N2D2-E-K0KK-01769289,9,그러던 어느 날 친구들끼리 다툼이 일어났다.,그러던 어느 날 친구들 끼리 다툼이 일어났다,그러던 어느 날 친구들끼리 다툼이 일어났다.,0.0,0.000000,0.000000,0,18,0,18,True,1.0,MATCH,,5.120,1.860,0.363,Qwen/Qwen3-ASR-1.7B,True,1.0
K00014483-BMG20-L1N2D1-E-K0KK-02153163,7,거리에는 까마귀들이 돌아다닌다.,걸려 있는 까마귀들이 돌아다닌다,거리는 까마귀들이 돌아다닌다.,0.214286,0.071429,0.071429,1,14,1,14,False,0.992115,MATCH,,5.376,1.192,0.222,Qwen/Qwen3-ASR-1.7B,False,0.879715
K00013970-BMG30-L1N2D4-E-K0KK-02224173,10,"아까 정리 좀 할걸, 후회가 된다.",아까 정리 좀 할 걸 후회가 된다,아까 정리 좀 할 걸 후회가 된다.,0.0,0.000000,0.000000,0,12,0,12,True,1.0,MATCH,,4.352,1.144,0.263,Qwen/Qwen3-ASR-1.7B,True,1.0
K00013595-BMG20-L1N2D2-E-K0KK-04248548,9,검사 결과는 음성이래.,검사 결과는 음성이래,검사 결과는 음성이래.,0.0,0.000000,0.000000,0,9,0,9,True,1.0,MATCH,,6.144,1.041,0.169,Qwen/Qwen3-ASR-1.7B,True,1.0
K00013596-BMG23-L1N2D1-E-K0KK-02150947,8,이리갔다 저리갔다 잘 움직여진다,이리 갔다 저리 갔다 잘 움직여 진다,이리 갔다 저리 갔다 잘 움직여진다.,0.0,0.000000,0.000000,0,14,0,14,True,1.0,MATCH,,6.144,1.619,0.264,Qwen/Qwen3-ASR-1.7B,True,1.0
K00014483-BMG20-L1N2D1-E-K0KK-02153068,7,할머니! 어서 오세요.,할머니 어서오세요,해머니어 C U C U.,0.0,0.625000,0.625000,5,8,5,8,False,0.304739,MISMATCH,,3.200,0.889,0.278,Qwen/Qwen3-ASR-1.7B,True,1.0
K00013970-BMG30-L1N2D4-E-K0KK-02221898,10,여기저기서 함성 소리가 들려왔고 박수갈채가 쏟아져 나왔다,여기저기서 함성 소리가 들렸고 박수갈채가 쏟아져 나왔다,여기저기 삼성 소리가 들려왔고 박수갈채가 쏟아져 나왔다.,0.08,0.080000,0.080000,2,25,2,25,False,0.823796,REVIEW,,6.528,2.256,0.346,Qwen/Qwen3-ASR-1.7B,False,0.997909
K00013915-BFG20-L1N2D1-E-K0KK-02169274,8,"내가 좋아하는 음식은 앙버터, 붓세, 새우, 오징어, 삶은 감자, 훈제 연어 등등이 있다.",내가 좋아하는 음식은 악마 터 붓세 새우 오징어 삶은 감자 훈제연어 등장이 있다,"내가 좋아하는 음식은 앙버터, 부세, 새우, 오징어, 삶은 감자, 혼지연어 등등이 있다.",0.09375,0.093750,0.093750,3,32,3,32,False,0.974499,MATCH,,9.728,3.112,0.320,Qwen/Qwen3-ASR-1.7B,False,0.810161
K00013595-BMG20-L1N2D2-E-K0KK-04254124,9,노랗고 부드러운 슈크림.,노랗고 부드러운 슈크림,노랗고 부드러운 슈크림.,0.0,0.000000,0.000000,0,10,0,10,True,1.0,MATCH,,6.144,1.219,0.198,Qwen/Qwen3-ASR-1.7B,True,1.0
K00013596-BMG23-L1N2D1-E-K0KK-02150778,8,친구들이랑 프리킥을 했다,친구들이랑 프리킥을 했다,친구들이랑 프리킥을 했다.,0.0,0.000000,0.000000,0,11,0,11,True,1.0,MATCH,,5.120,1.191,0.233,Qwen/Qwen3-ASR-1.7B,True,1.0
K00013915-BFG20-L1N2D1-E-K0KK-02169185,8,요즘 우리 반에서 제일 유명한 것은 푸쉬팝이다.,요즘 우리반에서 즐기는 세부 스파 비자,요즘 우리 반에서 제일 유명한 것은 푸시팝이다.,0.631579,0.052632,0.052632,1,19,1,19,False,0.960879,MATCH,,5.632,1.603,0.285,Qwen/Qwen3-ASR-1.7B,False,0.266326
K00013585-BFG23-L1N2D2-E-K0KK-01806400,9,비 오는 날의 냄새를 좋아한다.,비 오는 날의 냄새를 좋아한다,비 오는 날의 냄새를 좋아한다.,0.0,0.000000,0.000000,0,12,0,12,True,1.0,MATCH,,5.120,1.311,0.256,Qwen/Qwen3-ASR-1.7B,True,1.0
K00013970-BMG30-L1N2D4-E-K0KK-02223173,10,아무 데도 나가고 싶지 않지 않다. 학교도 가야하는데,아무데도 나가고 싶지 않지 않다 학교도 가야 하는데,아무데도 나갈 것 싶지 않지 않다. 학교도 가야 하는데.,0.0,0.095238,0.095238,2,21,2,21,False,0.971029,MATCH,,6.784,2.025,0.299,Qwen/Qwen3-ASR-1.7B,True,1.0
K00013915-BFG20-L1N2D3-E-K0KK-02078438,8,고로케는 원래 기름에 튀긴 거라 느끼하지만 오늘 사 온 고로케는 매콤해서 느끼한 맛이 덜했다.,고로케는 원래 기름에 튀긴 거라 느끼하지만 오늘 상 그렇게는 매콤해서 느끼한 맛이 덜했다,코르케는 원래 기름에 튀긴 거라 느끼하지만 오늘 사온 코르케는 매콤해서 느끼한 맛이 덜했다.,0.131579,0.105263,0.105263,4,38,4,38,False,0.86506,MATCH,,10.624,3.154,0.297,Qwen/Qwen3-ASR-1.7B,False,0.968195
K00013724-BFG30-L1N2D4-E-K0KK-02117626,10,"그저께가 내 생일이었는데 엄마, 아빠가 생일선물로 트램펄린을 사주셨다.",그저께가 내 생일이었는데 엄마 아빠가 생선으로 트리폴리는 사 주셨다,그저께가 내 생일이었는데 엄마 아빠가 생일 선물로 트리플린을 사주셨다.,0.2,0.066667,0.066667,2,30,2,30,False,0.885502,MATCH,,5.760,2.503,0.434,Qwen/Qwen3-ASR-1.7B,False,0.795118
K00013596-BMG23-L1N2D1-E-K0KK-02150808,8,한번 먹어 보니 맛이 이상했다,한번 먹어 보니 맛이 이상했다,한 번 먹어보니 맛이 이상했다.,0.0,0.000000,0.000000,0,12,0,12,True,1.0,MATCH,,5.120,1.459,0.285,Qwen/Qwen3-ASR-1.7B,True,1.0
K00013596-BMG23-L1N2D1-E-K0KK-02150787,8,그래서 누나랑 형들이 잡으러 다녔다,그래서 누나랑 형들을 잡으러 다녔다,그래서 누나랑 형들이 잡으러 다녔다.,0.066667,0.000000,0.000000,0,15,0,15,True,1.0,MATCH,,6.144,1.480,0.241,Qwen/Qwen3-ASR-1.7B,False,0.949353
K00013970-BMG30-L1N2D4-E-K0KK-02221442,10,그렇게 우리는 연습을 시작했고  온 힘 쏟아부었다,그렇게 우리는 연습이 시작하고 온 힘을 쏟아 부었다,그렇게 우리는 연습을 시작했고 온 힘을 쏟아부었다.,0.15,0.050000,0.050000,1,20,1,20,False,0.996422,MATCH,,6.272,2.017,0.322,Qwen/Qwen3-ASR-1.7B,False,0.981378
K00013724-BFG30-L1N2D4-E-K0KK-02152480,10,저녁에 엄청 맛있는 떡볶이를 시켜 먹었다.,저녁에 엄청 맛있는 떡볶이를 시켜 먹었다,저녁에 엄청 맛있는 떡볶이를 시켜 먹었다.,0.0,0.000000,0.000000,0,17,0,17,True,1.0,MATCH,,5.120,1.772,0.346,Qwen/Qwen3-ASR-1.7B,True,1.0
K00013595-BMG20-L1N2D2-E-K0KK-04103262,9,욕심쟁이 나비이지만.,욕심쟁이 답이지만,욕심쟁이 나비이지만.,0.222222,0.000000,0.000000,0,9,0,9,True,1.0,MATCH,,6.144,1.047,0.170,Qwen/Qwen3-ASR-1.7B,False,0.615704
K00013970-BMG30-L1N2D4-E-K0KK-02221412,10,친구들이 다같이 말하기를,친구들이 다 같이 말하기를,친구들이 다 같이 말하기를.,0.0,0.000000,0.000000,0,11,0,11,True,1.0,MATCH,,3.712,0.946,0.255,Qwen/Qwen3-ASR-1.7B,True,1.0
K00014483-BMG20-L1N2D1-E-K0KK-02106375,7,얘 너 어디 가는 길이니? 친구는 나를 보며 물었다.,얘 너 어디 가는 길이니 친구는 나를 보며 물었다,얘는 어디 가는 길이니? 친구는 나를 보며 물었다.,0.0,0.052632,0.052632,1,19,1,19,False,0.992732,MATCH,,6.592,1.833,0.278,Qwen/Qwen3-ASR-1.7B,True,1.0
K00013595-BMG20-L1N2D2-E-K0KK-04250222,9,눈 쌓인 바닥에 누워,눈쌓인 바닥에 누워,흠 쌓인 바닥에 누워.,0.0,0.125000,0.125000,1,8,1,8,False,0.742699,REVIEW,,6.144,1.148,0.187,Qwen/Qwen3-ASR-1.7B,True,1.0
K00014483-BMG20-L1N2D1-E-K0KK-02059089,7,나는 조금 샘이 났지만 오랜만에 사촌 동생을 보니 귀엽고 이뻤다,나는 조금 새 면허증만 오랜만에 사촌동생을 보니 귀엽고 이뻤다,나는 조금 셈이 낮지만 오랜만에 사촌 동생을 보니 귀엽고 이뻤다.,0.153846,0.076923,0.076923,2,26,2,26,False,0.921517,MATCH,,8.640,2.461,0.285,Qwen/Qwen3-ASR-1.7B,False,0.804101
K00013724-BFG30-L1N2D4-E-K0KK-02114055,10,학원 차에 타고 학원으로 가고 있었다.,학원 차에 타고 학원으로 가고 있었다,학원 차에 타고 학원으로 가고 있었다.,0.0,0.000000,0.000000,0,15,0,15,True,1.0,MATCH,,5.248,1.389,0.265,Qwen/Qwen3-ASR-1.7B,True,1.0
K00013970-BMG30-L1N2D4-E-K0KK-02223338,10,난 여자가 되기 싫다 난 남자가 좋다,아녀 자가 되기 싫다 던 남자가 좋다,난 여자가 되기 싫다. 난 남자가 좋다.,0.214286,0.000000,0.000000,0,14,0,14,True,1.0,MATCH,,4.992,1.452,0.291,Qwen/Qwen3-ASR-1.7B,False,0.654277
K00013595-BMG20-L1N2D2-E-K0KK-04091392,9,기특한 강아지.,기특한 강아지,기특한 강아지.,0.0,0.000000,0.000000,0,6,0,6,True,1.0,MATCH,,6.144,0.897,0.146,Qwen/Qwen3-ASR-1.7B,True,1.0
K00013596-BMG23-L1N2D1-E-K0KK-02150907,8,삼촌들이 축구 잘한다고 칭찬을 해주셨다,청춘들이 축구를 잘한다고 칭찬을 해 주셨다,삼촌들이 축구를 잘한다고 칭찬을 해주셨다.,0.176471,0.058824,0.058824,1,17,1,17,False,0.993427,MATCH,,5.632,1.591,0.283,Qwen/Qwen3-ASR-1.7B,False,0.706156
K00013596-BMG23-L1N2D1-E-K0KK-02150923,8,학교에서 숲 체험을 했다,학교에서 숲체험을 했다,학교에서 숲 체험을 했다.,0.0,0.000000,0.000000,0,10,0,10,True,1.0,MATCH,,4.608,1.151,0.250,Qwen/Qwen3-ASR-1.7B,True,1.0
K00013595-BMG20-L1N2D2-E-K0KK-04253242,9,단팥 든 빵은 할머니 드리고,단팥 찐빵은 할머니 드리고,담퍼든 빵은 할머니 드리고.,0.090909,0.181818,0.181818,2,11,2,11,False,0.855926,MATCH,,7.168,1.445,0.202,Qwen/Qwen3-ASR-1.7B,False,0.9593
K00013595-BMG20-L1N2D2-E-K0KK-04106709,9,어른이 되어서도 언제까지나.,어른이 되어서도 언제까지나,어른이 되어서도 언제까지나.,0.0,0.000000,0.000000,0,12,0,12,True,1.0,MATCH,,7.168,1.107,0.154,Qwen/Qwen3-ASR-1.7B,True,1.0
K00014483-BMG20-L1N2D1-E-K0KK-02067172,7,오늘은 정말 재밌고 신나는 하루였다.,오늘은 정말 재밌고 신나는 하루였다,오늘은 정말 재미있고 신나는 하루였다.,0.0,0.133333,0.133333,2,15,2,15,False,0.995984,MATCH,,5.312,1.380,0.260,Qwen/Qwen3-ASR-1.7B,True,1.0
K00014483-BMG20-L1N2D1-E-K0KK-02152944,7,너 동생은 왜 때리니?,너 동생은 왜 샐리니,너 동생은 왜 때리니?,0.125,0.000000,0.000000,0,8,0,8,True,1.0,MATCH,,4.096,1.028,0.251,Qwen/Qwen3-ASR-1.7B,False,0.516244
K00013596-BMG23-L1N2D1-E-K0KK-02150826,8,너무 긴장이 되고 떨렸다,너무 긴장이 되고 떨렸다,너무 긴장이 되고 떨렸다.,0.0,0.000000,0.000000,0,10,0,10,True,1.0,MATCH,,5.120,1.320,0.258,Qwen/Qwen3-ASR-1.7B,True,1.0
K00013596-BMG23-L1N2D1-E-K0KK-02150794,8,엄마가 드론을 사주셨다,엄마가 들어 낼 사 주셨다,엄마가 드론을 사주셨다.,0.3,0.000000,0.000000,0,10,0,10,True,1.0,MATCH,,5.120,1.187,0.232,Qwen/Qwen3-ASR-1.7B,False,0.65125
K00014483-BMG20-L1N2D1-E-K0KK-02066861,7,우린 다 같이 공원을 돌았다.,우리 다 같이 공원을 돌아왔다,우린 다 같이 공원을 돌아다.,0.272727,0.090909,0.090909,1,11,1,11,False,0.949911,MATCH,,4.224,1.033,0.244,Qwen/Qwen3-ASR-1.7B,False,0.889519
K00013595-BMG20-L1N2D2-E-K0KK-04244181,9,우리 떡볶이를 만들자.,우리 떡볶이를 만들자,우리 떡볶이를 만들자.,0.0,0.000000,0.000000,0,9,0,9,True,1.0,MATCH,,6.144,1.156,0.188,Qwen/Qwen3-ASR-1.7B,True,1.0
K00013970-BMG30-L1N2D1-E-K0KK-02102904,10,그리고 밤이 되면 금성과 달의 여왕이 된다,그리고 밤이되면 금성과 다리오 왕이 된다,그리고 밤이 되면 금성과 달이 여왕이 된다.,0.176471,0.058824,0.058824,1,17,1,17,False,0.973765,MATCH,,5.632,1.750,0.311,Qwen/Qwen3-ASR-1.7B,False,0.80641
K00013585-BFG23-L1N2D1-E-K0KK-01700095,9,나는 훌쩍훌쩍 조심스럽게 우는데 동생은 과아앙 천둥처럼 운다.,훌쩍훌쩍 조성 드럽게 없는데도 수능 과학 천둥처럼 온다,나는 훌쩍훌쩍 조심스럽게 우는데 동생은 과앙 천둥처럼 우는다.,0.423077,0.115385,0.115385,3,26,3,26,False,0.98999,MATCH,,7.744,2.381,0.307,Qwen/Qwen3-ASR-1.7B,False,0.301893
K00013596-BMG23-L1N2D1-E-K0KK-02150961,8,초보자도 하루만에 고수가 될 수 있었다,초복,초보,0.9375,0.875000,0.875000,14,16,14,16,False,0.422806,MISMATCH,,5.632,0.550,0.098,Qwen/Qwen3-ASR-1.7B,False,0.232505
K00014723-BMG20-L1N2D4-E-K0KK-02053325,9,식사를 마친 후 우리는 서울로 출발 했다.,식사를 마친 후 우리는 서울로 출발했다,식사를 마친 후 우리는 서울로 출발했다.,0.0,0.000000,0.000000,0,16,0,16,True,1.0,MATCH,,5.504,1.248,0.227,Qwen/Qwen3-ASR-1.7B,True,1.0
K00014483-BMG20-L1N2D4-E-K0KK-01997108,7,산책을 마친 우리는 아침을 먹고 공부를 했다,산책을 마치는 우리는 아침을 먹고 공부를 했다,산책을 마친 우리는 아침을 먹고 공부를 했다.,0.111111,0.000000,0.000000,0,18,0,18,True,1.0,MATCH,,7.808,1.732,0.222,Qwen/Qwen3-ASR-1.7B,False,0.983204
K00013970-BMG30-L1N2D4-E-K0KK-02069887,10,아저씨는 내가 내밀고 있는 창문의 밑을 지날 때면 항상 인사를 해주신다,아저씨는 내가 내밀고 있는척만 할 위치에 쥐날 때면 항상 인사를 해 주신다,아저씨는 내가 내밀고 있는 창문을 밑에 지나갈 때면 항상 인사를 해주신다.,0.241379,0.137931,0.137931,4,29,4,29,False,0.990396,MATCH,,7.808,2.391,0.306,Qwen/Qwen3-ASR-1.7B,False,0.814088
K00014723-BMG20-L1N2D4-E-K0KK-01993461,9,외사촌들도 와서 아파트 놀이터에서 넷이 놀았다.,외 사촌들도 와서 아파트 놀이터에서 4시에 노래 꺼,외 사촌들도 와서 아파트 놀이터에서 넷이 놀았다.,0.3,0.000000,0.000000,0,20,0,20,True,1.0,MATCH,,6.912,1.950,0.282,Qwen/Qwen3-ASR-1.7B,False,0.786254
K00014483-BMG20-L1N2D1-E-K0KK-02061648,7,누나들은 수영을 하며 물폭포에서 놀았다,누나들은 수영을 하며 울컥 부에서 돌아왔다,누나들은 수영을 하며 물폭포에서 놀았다.,0.352941,0.000000,0.000000,0,17,0,17,True,1.0,MATCH,,6.720,1.554,0.231,Qwen/Qwen3-ASR-1.7B,False,0.736742
K00014483-BMG20-L1N2D1-E-K0KK-02066806,7,하지만 그래도 재미있었다.,하지만 그래도 재밌었다,하지만 그래도 재미있었다.,0.181818,0.000000,0.000000,0,11,0,11,True,1.0,MATCH,,4.160,0.966,0.232,Qwen/Qwen3-ASR-1.7B,False,0.981057
K00013970-BMG30-L1N2D4-E-K0KK-02223721,10,세상에서 가장 아름다운 말은 뭘까?,세상에서 가장 아름다운 말은 뭘까,세상에서 가장 아름다운 말은 뭘까?,0.0,0.000000,0.000000,0,14,0,14,True,1.0,MATCH,,4.096,1.335,0.326,Qwen/Qwen3-ASR-1.7B,True,1.0
K00013915-BFG20-L1N2D1-E-K0KK-02146918,8,페퍼피그의 주인공은 빨간 윈피스를 입은 아기돼지 페퍼피그로 정말 귀엽다.,페파 피그의 주인공은 빨간 원피스를 입은 아기 돼지 페퍼 피그로 정말 귀엽다,페퍼픽의 주인공은 빨간 원피스를 입은 아기돼지 페퍼픽으로 정말 귀엽다.,0.064516,0.161290,0.161290,5,31,5,31,False,0.87723,MATCH,,9.728,2.803,0.288,Qwen/Qwen3-ASR-1.7B,False,0.924326
K00013970-BMG30-L1N2D1-E-K0KK-02103428,10,내가 가진 것을 다 내어주면서까지,내가 가진것을 다 되어 주면서까지,내가 가진 것을 다 내어주면서까지.,0.071429,0.000000,0.000000,0,14,0,14,True,1.0,MATCH,,4.736,1.163,0.246,Qwen/Qwen3-ASR-1.7B,False,0.899724
K00013596-BMG23-L1N2D1-E-K0KK-02150901,8,내가 열심히 해서 역전을 했다,내가 열심히 해서 역전을 했다,내가 열심히 해서 역전을 했다.,0.0,0.000000,0.000000,0,12,0,12,True,1.0,MATCH,,4.608,1.409,0.306,Qwen/Qwen3-ASR-1.7B,True,1.0
K00013970-BMG30-L1N2D4-E-K0KK-02071159,10,그리고 눈에 보이는거라곤 모두 그렸다,그리고 눈에 보이는거라곤 보드 그렸다,그리고 눈에 보이는 거라고 모두 그렸다.,0.125,0.062500,0.062500,1,16,1,16,False,0.892561,MATCH,,4.736,1.536,0.324,Qwen/Qwen3-ASR-1.7B,False,0.674287
K00014483-BMG20-L1N2D1-E-K0KK-02027860,7,"더 놀고 싶었지만, 외할머니댁에 가야해서 조금만 놀고 집으로 왔다",더 놀고 싶었지만 부모님 댁에 가야 해서 조금만 놀고 집으로 왔다,더 놀고 싶었지만 외할머니 댁에 가야 해서 조금만 놀고 집으로 왔다.,0.148148,0.000000,0.000000,0,27,0,27,True,1.0,MATCH,,8.128,2.654,0.327,Qwen/Qwen3-ASR-1.7B,False,0.877658
K00013596-BMG23-L1N2D1-E-K0KK-02150842,8,며칠 뒤 보니 파가 자라있었다,며칠 뒤 보니 화가 자라 있었다,며칠 뒤 보니 파가 자라 있었다.,0.083333,0.000000,0.000000,0,12,0,12,True,1.0,MATCH,,5.120,1.258,0.246,Qwen/Qwen3-ASR-1.7B,False,0.56134
K00013596-BMG23-L1N2D1-E-K0KK-02150877,8,보드타는 게 힘들었지만 재밌었다,보트 타는 게 힘들었지만 재밌었다,보드 타는 게 힘들었지만 재밌었다.,0.071429,0.000000,0.000000,0,14,0,14,True,1.0,MATCH,,5.632,1.456,0.259,Qwen/Qwen3-ASR-1.7B,False,0.720368
K00014723-BMG20-L1N2D4-E-K0KK-02175081,9,요즘 장마라 가는 길에 비가 많이 왔다.,요즘 장마로 가는 길에 비가 많이 왔다,요즘 장마라 가는 길에 비가 많이 왔다.,0.066667,0.000000,0.000000,0,15,0,15,True,1.0,MATCH,,5.504,1.522,0.277,Qwen/Qwen3-ASR-1.7B,False,0.972424
K00013596-BMG23-L1N2D1-E-K0KK-02150836,8,저번에 치료했던 반대쪽 어금니가 아팠다,저번에 치료 했던 반대쪽 어금니가 아팠다,저번에 치료했던 반대쪽 어금니가 아팠다.,0.0,0.000000,0.000000,0,17,0,17,True,1.0,MATCH,,7.168,1.852,0.258,Qwen/Qwen3-ASR-1.7B,True,1.0
K00013970-BMG30-L1N2D4-E-K0KK-02070449,10,생각을 사람처럼 생각해 표현을 했다는거에 가장 신기했다,생각을 사람처럼 생각의 표현을 했다는 걸 가장 쉬운 기타,생각을 사람처럼 생각해 표현을 했다는 거에 가장 신기했다.,0.291667,0.000000,0.000000,0,24,0,24,True,1.0,MATCH,,6.400,1.889,0.295,Qwen/Qwen3-ASR-1.7B,False,0.67581
K00013970-BMG30-L1N2D1-E-K0KK-02104024,10,그 옆 골목은 맛있는 빵과 과일 사탕을 파는 가게들이 있다.,그 옆 골목은 맛있는 빵과 과일 사탕을 파는 가게들이 있다,그 옆 골목은 맛있는 빵과 과일 사탕을 파는 가게들이 있다.,0.0,0.000000,0.000000,0,23,0,23,True,1.0,MATCH,,6.080,2.241,0.369,Qwen/Qwen3-ASR-1.7B,True,1.0
K00013915-BFG20-L1N2D1-E-K0KK-02146841,8,오늘은 할머니 집에 온지 이틀이 되었다.,오늘은 할머니 집에 온 지 이틀이 되었다,오늘은 할머니 집에 온 지 이틀이 되었다.,0.0,0.000000,0.000000,0,16,0,16,True,1.0,MATCH,,6.144,1.549,0.252,Qwen/Qwen3-ASR-1.7B,True,1.0
K00014723-BMG20-L1N2D4-E-K0KK-02175251,9,다음에는 모아둔 용돈을 가지고 와서 원하는 장난감을 사고 싶다.,다음을 모아둔 용돈을 가지고 와서 원하는 장난감을 사고 싶다,다음에 모아둔 용돈을 가지고 와서 원하는 장난감을 사고 싶다.,0.076923,0.038462,0.038462,1,26,1,26,False,0.992812,MATCH,,8.064,2.205,0.273,Qwen/Qwen3-ASR-1.7B,False,0.972827
K00013970-BMG30-L1N2D1-E-K0KK-02103859,10,구름을 보며 이런 저런 생각을하며 오다보니 벌써 제주도에 도착했다,구름을 보며 이런 저런 생각을 하며 오다 보니 벌써 제주도에 도착했다,구름을 보며 이런저런 생각을 하며 오다 보니 벌써 제주도에 도착했다.,0.0,0.000000,0.000000,0,28,0,28,True,1.0,MATCH,,8.064,2.262,0.280,Qwen/Qwen3-ASR-1.7B,True,1.0
K00013970-BMG30-L1N2D4-E-K0KK-02222266,10,"아니, 난 누나방에 안들어갔어",아니 넌 누나 방에 안 들어갔어,"아니, 난 누나 방에 안 들어갔어.",0.083333,0.000000,0.000000,0,12,0,12,True,1.0,MATCH,,4.864,1.319,0.271,Qwen/Qwen3-ASR-1.7B,False,0.857748
K00014723-BMG20-L1N2D4-E-K0KK-02174010,9,다음에 올때는 나도 비빔국수를 주문해야겠다.,다음에 올 때는 나도 비빔국수를 주문해야겠다,다음에 올 때는 나도 비빔국수를 주문해야겠다.,0.0,0.000000,0.000000,0,19,0,19,True,1.0,MATCH,,6.784,1.707,0.252,Qwen/Qwen3-ASR-1.7B,True,1.0
K00013596-BMG23-L1N2D1-E-K0KK-02150769,8,제주도에 있는 우도에 가서 땅콩아이스크림을 먹었다,제주도에 있는 의자에 가서 땅콩 아이스크림을 먹었다,제주도에 있는 우도에 가서 땅콩 아이스크림을 먹었다.,0.090909,0.000000,0.000000,0,22,0,22,True,1.0,MATCH,,6.656,1.887,0.284,Qwen/Qwen3-ASR-1.7B,False,0.783636
K00014483-BMG20-L1N2D1-E-K0KK-02056300,7,할머니가 핫바와 타코야키를 사주셨다,할머니가 핫바와 타코야끼를 사 주셨다,할머니가 할爸와 타코야끼를 사주셨다.,0.0625,0.187500,0.187500,3,16,3,16,False,0.838067,REVIEW,,6.848,1.627,0.238,Qwen/Qwen3-ASR-1.7B,False,0.960621
K00013970-BMG30-L1N2D1-E-K0KK-02104067,10,잠시후 작은 누나가 엄마에게 혼나는 소리가 들렸다.,잠시후 작은누나가 엄마에게 혼나는 소리가 들렸다,잠시 후 작은 누나가 엄마에게 혼나는 소리가 들렸다.,0.0,0.000000,0.000000,0,21,0,21,True,1.0,MATCH,,4.864,1.844,0.379,Qwen/Qwen3-ASR-1.7B,True,1.0
K00013970-BMG30-L1N2D1-E-K0KK-02103826,10,비행기을 타며 여행을 가고 있는데 구름이 가까이에 올 때 구름에 맛이 궁금했다,비행기 담요 여행을 가고 있는데 그럼이 가까이 올 때 구름의 맛이 궁금했다,비행기를 타며 여행을 가고 있는데 구름이 가까이에 올 때 구름의 맛이 궁금했다.,0.21875,0.062500,0.062500,2,32,2,32,False,0.996945,MATCH,,9.984,2.736,0.274,Qwen/Qwen3-ASR-1.7B,False,0.944833
K00013596-BMG23-L1N2D1-E-K0KK-02150783,8,빨리 코로나가 끝나서 마스크를 벗고 싶다,빨리 코로나가 끝나서 마스크를 벗고 싶다,빨리 코로나가 끝나서 마스크를 벗고 싶다.,0.0,0.000000,0.000000,0,17,0,17,True,1.0,MATCH,,6.144,1.872,0.305,Qwen/Qwen3-ASR-1.7B,True,1.0
K00013596-BMG23-L1N2D1-E-K0KK-02150920,8,내가 도움이 돼서 참 다행이야,내가 도움이 되서 참 다행이야,내가 도움이 돼서 참 다행이야.,0.083333,0.000000,0.000000,0,12,0,12,True,1.0,MATCH,,7.168,1.430,0.199,Qwen/Qwen3-ASR-1.7B,False,0.997555
K00013595-BMG20-L1N2D2-E-K0KK-04093711,9,뭐가 맘에 안드는지.,뭐가 맘에 안드는지,뭐가 마음에 안 드는지.,0.0,0.250000,0.250000,2,8,2,8,False,0.982572,REVIEW,negation_mismatch,6.144,1.103,0.179,Qwen/Qwen3-ASR-1.7B,True,1.0
K00013596-BMG23-L1N2D1-E-K0KK-02150928,8,느티나무도 있었고 코딱지 나무도 있었다,느티나무도 있었고 코딱지는 묻어 있었다,느티나무도 있었고 코딱지 나무도 있었다.,0.176471,0.000000,0.000000,0,17,0,17,True,1.0,MATCH,,6.144,1.478,0.241,Qwen/Qwen3-ASR-1.7B,False,0.900578
K00014483-BMG20-L1N2D1-E-K0KK-02058845,7,형은 오늘은 정말 최고의 날이라고 했다,형은 오늘은 정말 최고의 날이라고 했다,형은 오늘은 정말 최고의 날이라고 했다.,0.0,0.000000,0.000000,0,16,0,16,True,1.0,MATCH,,6.144,1.430,0.233,Qwen/Qwen3-ASR-1.7B,True,1.0
K00013915-BFG20-L1N2D1-E-K0KK-02146994,8,오늘은 공부가 엄청 쉽게 끝났다.,오늘은 공부가 엄청 쉽게 끝난다,오늘은 공부가 엄청 쉽게 끝났다.,0.076923,0.000000,0.000000,0,13,0,13,True,1.0,MATCH,,7.168,1.517,0.212,Qwen/Qwen3-ASR-1.7B,False,0.944737
K00013585-BFG23-L1N2D1-E-K0KK-01725596,9,"나도 아이돌 언니들처럼 전부 예쁘게 하고 싶었는데, 조금 아쉬웠다.",나도 아이돌 언니들처럼 전부 예쁘게 하고 싶었는데 조금 쉬어라,나도 아이돌 언니들처럼 전부 예쁘게 하고 싶었는데 조금 아쉬웠다.,0.111111,0.000000,0.000000,0,27,0,27,True,1.0,MATCH,,7.488,2.064,0.276,Qwen/Qwen3-ASR-1.7B,False,0.926424
K00013915-BFG20-L1N2D1-E-K0KK-02146887,8,"우리 아빠는 재택 근무를 하는데, 재택 근무가 뭐냐하면 집에서 근무를 하는 것이다.",우리아빠는 재택근무를 하는데 댓글로 한번에 하면 집에서 근무를 하는 것이다,우리 아빠는 재택근무를 하는데 재택근무가 뭐냐 하면 집에서 근무를 하는 것이다.,0.212121,0.000000,0.000000,0,33,0,33,True,1.0,MATCH,,10.240,2.669,0.261,Qwen/Qwen3-ASR-1.7B,False,0.816105
K00014483-BMG20-L1N2D4-E-K0KK-01997202,7,김장김치에 먹는 고기는 정말 맛있다,김장김치에 먹는 고기는 정말 맛있다,김장 김치에 먹는 고기는 정말 맛있다.,0.0,0.000000,0.000000,0,15,0,15,True,1.0,MATCH,,7.040,1.529,0.217,Qwen/Qwen3-ASR-1.7B,True,1.0
K00014483-BMG20-L1N2D4-E-K0KK-01997067,7,아빠는 무로 채를 썰기 시작하셨다,아빠는 무료 체력 설기 시작하였다,아빠는 무로채를 썰기 시작하셨다.,0.357143,0.000000,0.000000,0,14,0,14,True,1.0,MATCH,,5.888,1.337,0.227,Qwen/Qwen3-ASR-1.7B,False,0.474243
K00013585-BFG23-L1N2D1-E-K0KK-01700642,9,엄마는 결국 새 책을 사 주셨다.,엄마는 결국 사채를 사들였다,엄마는 결국 사책을 사주셨다.,0.416667,0.083333,0.083333,1,12,1,12,False,0.803246,REVIEW,,5.184,1.181,0.228,Qwen/Qwen3-ASR-1.7B,False,0.549852
K00013970-BMG30-L1N2D4-E-K0KK-02224320,10,나는 형의 방에 들어가 보았다.,나는 형의 방에 들어가 보았다,나는 형의 방에 들어가 보았다.,0.0,0.000000,0.000000,0,12,0,12,True,1.0,MATCH,,3.712,1.084,0.292,Qwen/Qwen3-ASR-1.7B,True,1.0
K00013596-BMG23-L1N2D1-E-K0KK-02150867,8,기린도 아닌데 왜 목을 늘려야 하지?,기린도 아닌데 왜 먹어 들려줘,기린도 왔는데 왜 목을 늘려야 하지?,0.428571,0.142857,0.142857,2,14,2,14,False,0.858807,MATCH,,5.632,1.526,0.271,Qwen/Qwen3-ASR-1.7B,False,0.618124
K00014723-BMG20-L1N2D4-E-K0KK-02175347,9,나는 아침을 먹고 인라인 가방을 챙겨 정문으로 뛰어 간다.,아침은 먹고 있는 와인 가방을 챙겨 정 무너뜨려 간다,한 아침을 먹고 인라인 가방을 챙겨 정문으로 뛰어간다.,0.478261,0.086957,0.086957,2,23,2,23,False,0.942428,MATCH,,6.400,2.194,0.343,Qwen/Qwen3-ASR-1.7B,False,0.584609
K00013970-BMG30-L1N2D1-E-K0KK-02104049,10,난 칭찬을 들으니 몹시 기분이 좋았다.,넌 칭찬을 들으니 몹시 기분이 좋았다,난 칭찬을 들으니 몹시 기분이 좋았다.,0.066667,0.000000,0.000000,0,15,0,15,True,1.0,MATCH,,5.376,1.507,0.280,Qwen/Qwen3-ASR-1.7B,False,0.906234
K00014723-BMG20-L1N2D4-E-K0KK-02120640,9,둘째 큰아빠가 오셨다.,둘째 큰아빠가 오셨다,둘째 큰 아빠가 오셨다.,0.0,0.000000,0.000000,0,9,0,9,True,1.0,MATCH,,4.224,1.021,0.242,Qwen/Qwen3-ASR-1.7B,True,1.0
K00013596-BMG23-L1N2D1-E-K0KK-02150899,8,오늘은 릴레이 게임을 했다,오늘은 릴레이 게임을 해 왔다,오늘은 놀이 게임을 했다.,0.181818,0.181818,0.181818,2,11,2,11,False,0.668132,MISMATCH,,5.120,1.323,0.258,Qwen/Qwen3-ASR-1.7B,False,0.976883
K00013970-BMG30-L1N2D4-E-K0KK-02068633,10,입장권을 사고 좋은 옷을 차려입고 극장으로 갔다,입장권을 사고 좋은 옷을 차려 입고 극장으로 갔다,입장권을 사고 좋은 옷을 차려입고 극장으로 갔다.,0.0,0.000000,0.000000,0,20,0,20,True,1.0,MATCH,,5.632,1.849,0.328,Qwen/Qwen3-ASR-1.7B,True,1.0
K00013970-BMG30-L1N2D1-E-K0KK-02103973,10,우리도 폭포 아래에서 사진을 찍었고 누나들은 점프하는 사진도 찍었다,우리도 폭포 아래에서 사진을 찍어 보고 누나들은 점프하는 사진도 찍었다,우리도 폭포 아래에서 사진을 찍었고 누나들은 점프하는 사진도 찍었다.,0.068966,0.000000,0.000000,0,29,0,29,True,1.0,MATCH,,8.000,2.248,0.281,Qwen/Qwen3-ASR-1.7B,False,0.992877
K00013915-BFG20-L1N2D1-E-K0KK-02146967,8,아저씨는 채소를 기르는 게 좋아서 텃밭을 만들었습니다.,아저씨는 제 삶의 기능 개선 텃밭을 만들었습니다,아저씨는 채소를 기르는 게 좋아서 텃밭을 만들었습니다.,0.391304,0.000000,0.000000,0,23,0,23,True,1.0,MATCH,,7.680,2.025,0.264,Qwen/Qwen3-ASR-1.7B,False,0.81044
K00013596-BMG23-L1N2D1-E-K0KK-02150798,8,깜짝 놀라서 할 말이 없었다,깜짝 놀라서 할 말이 없었다,깜짝 놀라서 할 말이 없었다.,0.0,0.000000,0.000000,0,11,0,11,True,1.0,MATCH,,5.120,1.290,0.252,Qwen/Qwen3-ASR-1.7B,True,1.0
K00013970-BMG30-L1N2D4-E-K0KK-02222702,10,작은누나는 정말 정신이 있는걸까?,작은누나는 정말 정신이 있는 걸까,작은 누나는 정말 정신이 있는 걸까?,0.0,0.000000,0.000000,0,14,0,14,True,1.0,MATCH,,4.608,1.215,0.264,Qwen/Qwen3-ASR-1.7B,True,1.0
K00013585-BFG23-L1N2D2-E-K0KK-01853883,9,달리기도 느려서 매번 꼴찌를 한다.,달리기도 내려서 몇번 꼴찌를 한다,달리기도 느려서 매번 꼴찌를 한다.,0.142857,0.000000,0.000000,0,14,0,14,True,1.0,MATCH,,5.120,1.480,0.289,Qwen/Qwen3-ASR-1.7B,False,0.75798
K00013585-BFG23-L1N2D2-E-K0KK-01854169,9,일 학년 때부터 삼 학년인 지금까지 나는 휴대폰을 네 개나 바꿨다.,1학년 때부터 3학년은 지금까지 나는 휴대폰은 내게 답 없다,일학년 때부터 삼학년 현재까지 나는 휴대폰을 네 개나 바꿨다.,0.346154,0.115385,0.115385,3,26,3,26,False,0.991097,MATCH,,6.144,2.151,0.350,Qwen/Qwen3-ASR-1.7B,False,0.599349
K00013915-BFG20-L1N2D1-E-K0KK-02169165,8,똥색이 초록색이라 선생님한테 물어봤더니 말똥이랑 풀이 섞여서 그렇다고 대답해주셨다.,똥 색이 초록색이야 선생님한테 물어봤더니 발등이랑 풀이 시작해서 그렇다고 대답했다,똥색이 초록색이라 선생님한테 물어봤더니 말똥이랑 풀이 섞여서 그렇다고 대답해 주셨다.,0.243243,0.000000,0.000000,0,37,0,37,True,1.0,MATCH,,9.728,3.113,0.320,Qwen/Qwen3-ASR-1.7B,False,0.91807
K00014483-BMG20-L1N2D1-E-K0KK-02107520,7,친구와 장난을 치다가 넘어져서 다치고 말았다.,친구와 장난을 치다가 넘어져서 다치고 말았다,친구와 장난을 치다가 넘어져서 다치고 말았다.,0.0,0.000000,0.000000,0,19,0,19,True,1.0,MATCH,,6.912,1.627,0.235,Qwen/Qwen3-ASR-1.7B,True,1.0
K00013596-BMG23-L1N2D1-E-K0KK-02150890,8,나무의 탄생에 관한 역할놀이를 했다,나무의 탄생에 관한 역할놀이를 했다,나무의 탄생에 관한 역할놀이를 했다.,0.0,0.000000,0.000000,0,15,0,15,True,1.0,MATCH,,6.144,1.561,0.254,Qwen/Qwen3-ASR-1.7B,True,1.0
K00013595-BMG20-L1N2D2-E-K0KK-04110351,9,모든 게 재밌어.,모든 게 재밌어,모든 게 재밌어.,0.0,0.000000,0.000000,0,6,0,6,True,1.0,MATCH,,7.168,0.917,0.128,Qwen/Qwen3-ASR-1.7B,True,1.0
K00013970-BMG30-L1N2D4-E-K0KK-02070264,10,무수히 많은 조각들로 부셔지고,무수히 많은 조각들로 부셔 지고,무수히 많은 조각들로 부셔지고.,0.0,0.000000,0.000000,0,13,0,13,True,1.0,MATCH,,4.480,1.157,0.258,Qwen/Qwen3-ASR-1.7B,True,1.0
K00013970-BMG30-L1N2D1-E-K0KK-02103572,10,어린왕자가 살던 그 별에는,어린왕자가 세번 급여량은,어린 왕자가 살던 급이어에는.,0.545455,0.272727,0.272727,3,11,3,11,False,0.58826,MISMATCH,,4.096,1.213,0.296,Qwen/Qwen3-ASR-1.7B,False,0.4007
K00013585-BFG23-L1N2D2-E-K0KK-01852394,9,저는 아빠를 닮았고 동생은 엄마를 닮았습니다.,저는 아빠를 업고 동생은 엄마를 닮았습니다,저는 아빠를 닮았고 동생은 엄마를 닮았습니다.,0.105263,0.000000,0.000000,0,19,0,19,True,1.0,MATCH,,6.144,1.814,0.295,Qwen/Qwen3-ASR-1.7B,False,0.87279
K00013596-BMG23-L1N2D1-E-K0KK-02150959,8,한 번에 총알이 세 개가 발사된다,이번에 총알이 책임과 발사 된다,한 번에 총알이 세 개가 발사된다.,0.307692,0.000000,0.000000,0,13,0,13,True,1.0,MATCH,,6.144,1.534,0.250,Qwen/Qwen3-ASR-1.7B,False,0.615709
K00013585-BFG23-L1N2D1-E-K0KK-01699735,9,아직 유치원생이고 나와는 세 살이나 차이가 난다.,아쟁 유치원 생이고 나는 세살이나 차이가 난다,아직 유치원생이고 나와는 세 살이나 차이가 난다.,0.1,0.000000,0.000000,0,20,0,20,True,1.0,MATCH,,6.208,1.757,0.283,Qwen/Qwen3-ASR-1.7B,False,0.844685
K00013915-BFG20-L1N2D3-E-K0KK-02078035,8,내가 둘째라서 정말 다행이다.,내가 둘째 서 정말 다행이다,내가 둘째여서 정말 다행이다.,0.083333,0.083333,0.083333,1,12,1,12,False,0.994974,MATCH,,6.144,1.366,0.222,Qwen/Qwen3-ASR-1.7B,False,0.876971
K00013585-BFG23-L1N2D1-E-K0KK-01725799,9,그리고 되도록 젖은 손수건으로 코와 입을 가리라고 하셨다.,그리고 되도록 자제 손수건으로 코와 입을 가리라고 하셨다,그리고 되도록 젖은 손수건으로 코와 입을 가리라고 하셨다.,0.083333,0.000000,0.000000,0,24,0,24,True,1.0,MATCH,,6.848,2.093,0.306,Qwen/Qwen3-ASR-1.7B,False,0.893218
K00013596-BMG23-L1N2D1-E-K0KK-02150925,8,선생님이 돋보기 비슷한 걸 주셨다,선생님의 덕 복이 비슷한 걸 주셨다,선생님이 덮보기 비슷한 걸 주셨다.,0.285714,0.071429,0.071429,1,14,1,14,False,0.739542,REVIEW,,6.144,1.497,0.244,Qwen/Qwen3-ASR-1.7B,False,0.561473
K00014723-BMG20-L1N2D4-E-K0KK-02052949,9,아주 스릴있고 재밌었지만 손이 시려웠다.,주시는 거 재미 있었지만 손이 시려워,아주 실을 잡고 재밌었지만 손이 시려웠다.,0.529412,0.176471,0.176471,3,17,3,17,False,0.879339,MATCH,,6.656,1.737,0.261,Qwen/Qwen3-ASR-1.7B,False,0.816462
K00013915-BFG20-L1N2D1-E-K0KK-02169352,8,그리고 또 이해가 안되는 게 우리 오빠는 새우랑 오징어가 맛없다고 한다.,그리고 또 이해가 안되는 게 우리 오빠는 새우랑 오징어가 맞았다고 한다,그리고 또 이해가 안 되는 게 우리 오빠는 새우랑 오징어가 맛없다고 한다.,0.068966,0.000000,0.000000,0,29,0,29,True,1.0,MATCH,,7.680,2.271,0.296,Qwen/Qwen3-ASR-1.7B,False,0.790341
K00014483-BMG20-L1N2D1-E-K0KK-02065925,7,삼촌이 나를 데리고 도망을 가자 누나 누나가 물총으로 나를 공격했다,삼촌이 나를 데리고 도망을 가다 누난 누나가 물총으로 나를 공격했다,삼촌이 나를 데리고 도망을 가자 누나 누나가 물총으로 나를 공격했다.,0.071429,0.000000,0.000000,0,28,0,28,True,1.0,MATCH,,9.536,2.410,0.253,Qwen/Qwen3-ASR-1.7B,False,0.954265
K00013724-BFG30-L1N2D4-E-K0KK-02117701,10,기와집도 있고 연못도 있었다.,기와집담,기와집도 있고 엠모트도 있었다.,0.75,0.250000,0.250000,3,12,3,12,False,0.742121,REVIEW,,2.688,1.072,0.399,Qwen/Qwen3-ASR-1.7B,False,0.62588
K00013724-BFG30-L1N2D4-E-K0KK-02116091,10,나와 내 친구들 몇 명은 소리를 지르며 도망갔다.,나와 내 친구들 100명의 소리를 지르면 통,나와 내 친구들 몇 명은 소리를 지르며 도망갔다.,0.473684,0.000000,0.000000,0,19,0,19,True,1.0,MATCH,,4.992,1.978,0.396,Qwen/Qwen3-ASR-1.7B,False,0.436535
K00013724-BFG30-L1N2D4-E-K0KK-02116901,10,이제 내일 책장이나 침대 같은 물건들만 옮기고 이사를 하면 끝이다.,이제 내일 직장이나 침대 같은 물건들만 남기고 기사를 하면 끝이다,이제 내일 책장이나 침대 같은 물건들만 넘기고 이사를 하면 끝이다.,0.111111,0.037037,0.037037,1,27,1,27,False,0.976267,MATCH,,5.504,2.417,0.439,Qwen/Qwen3-ASR-1.7B,False,0.813859
K00013724-BFG30-L1N2D4-E-K0KK-02152486,10,왼쪽 이에 작은 충치가 생겼기 때문이다.,왼쪽 위에 작은 충치가 생겼 기 때문이다,왼쪽 이에 작은 충치가 생겼기 때문이다.,0.0625,0.000000,0.000000,0,16,0,16,True,1.0,MATCH,,4.608,1.274,0.276,Qwen/Qwen3-ASR-1.7B,False,0.945209
K00013970-BMG30-L1N2D1-E-K0KK-02103294,10,어느덧 시간이 흘러 아이는 자라게 되었고,어느덧 시간이 흘러에는 잘하게 될 거야,어느덧 시간이 흘러 아이는 자라게 되었고.,0.411765,0.000000,0.000000,0,17,0,17,True,1.0,MATCH,,5.248,1.607,0.306,Qwen/Qwen3-ASR-1.7B,False,0.572965
K00013915-BFG20-L1N2D3-E-K0KK-02078919,8,하루에 두 통을 혼자서 다 먹었다.,하루에 2통을 혼자서 다 먹어,하루에 두 통을 혼자서 다 먹었다.,0.230769,0.000000,0.000000,0,13,0,13,True,1.0,MATCH,,6.528,1.439,0.220,Qwen/Qwen3-ASR-1.7B,False,0.929111
K00013595-BMG20-L1N2D2-E-K0KK-04252793,9,얼른 이 밤이 가고.,없는 이밤이 가고,얼른 이 밤이 가고.,0.285714,0.000000,0.000000,0,7,0,7,True,1.0,MATCH,,6.144,1.043,0.170,Qwen/Qwen3-ASR-1.7B,False,0.723627
K00013595-BMG20-L1N2D2-E-K0KK-04249221,9,백순이와 함께,백 순이와 함께,백순이와 함께.,0.0,0.000000,0.000000,0,6,0,6,True,1.0,MATCH,,6.144,0.818,0.133,Qwen/Qwen3-ASR-1.7B,True,1.0
K00014483-BMG20-L1N2D1-E-K0KK-02061489,7,짐 정리가 끝나자 라면을 끓여 간식으로 먹었다,김 총리가 끝나자 라면을 끓여 간식으로 먹었다,짐 정리가 끝나자 라면을 끓여 간식으로 먹었다.,0.105263,0.000000,0.000000,0,19,0,19,True,1.0,MATCH,,6.912,2.099,0.304,Qwen/Qwen3-ASR-1.7B,False,0.834671
K00013970-BMG30-L1N2D1-E-K0KK-02103673,10,앞만 보고 달려가는 우리들 모습과 닮아있었다,앞만 보고 달려가는 우리들 모습과 닮아 있다,앞만 보고 달려가는 우리들 모습과 닮아 있었다.,0.052632,0.000000,0.000000,0,19,0,19,True,1.0,MATCH,,6.784,1.584,0.234,Qwen/Qwen3-ASR-1.7B,False,0.940238
K00014483-BMG20-L1N2D1-E-K0KK-02153140,7,그리고 내가 형이니 동생을 좀 봐주라고 하셨다,그리고 내가 형이 동생을 좀 봐 주라고 하셨다,그리고 내고 형님은 동생을 좀 봐주라고 하셨다.,0.052632,0.157895,0.157895,3,19,3,19,False,0.930383,MATCH,,8.192,1.873,0.229,Qwen/Qwen3-ASR-1.7B,False,0.966441
K00013915-BFG20-L1N2D1-E-K0KK-02169319,8,그런데 우리 오빠는 바나나랑 우유가 맛있다고 한다.,그런데 우리 오빠는 바나나랑 우유가 맛있다고 한다,그런데 우리 오빠는 바나나랑 우유가 맛있다고 한다.,0.0,0.000000,0.000000,0,21,0,21,True,1.0,MATCH,,6.144,1.792,0.292,Qwen/Qwen3-ASR-1.7B,True,1.0
K00014483-BMG20-L1N2D1-E-K0KK-02152968,7,나는 내 말을 들어주지 않고 화만 내는 엄마가 미웠다.,나는 너의 말을 들어주지 않고 화만 내는 엄마가 미웠다,나는 내 말을 들어주지 않고 화만 내는 엄마가 미웠다.,0.095238,0.000000,0.000000,0,21,0,21,True,1.0,MATCH,,8.960,2.017,0.225,Qwen/Qwen3-ASR-1.7B,False,0.988729
K00013595-BMG20-L1N2D2-E-K0KK-04091999,9,가보고 싶은 곳 하나.,가 보고 싶은 건 하나,가보고 싶은 곳 하나.,0.125,0.000000,0.000000,0,8,0,8,True,1.0,MATCH,,6.144,1.049,0.171,Qwen/Qwen3-ASR-1.7B,False,0.895158
K00013596-BMG23-L1N2D1-E-K0KK-02150817,8,급수표를 두 번 세 번 보고 다시 시험을 쳤다,급여를 두번 세번 보고 다시 시험을 쳤다,급수표를 두 번 세 번 보고 다시 시험을 쳤다.,0.117647,0.000000,0.000000,0,17,0,17,True,1.0,MATCH,,6.656,1.690,0.254,Qwen/Qwen3-ASR-1.7B,False,0.822842
K00013970-BMG30-L1N2D1-E-K0KK-02103016,10,가족을 죽이는 것과 같아서이기 때문이다,가족을 죽이는것과 같아서이기 때문이다,가족을 죽이는 것과 같아서이기 때문이다.,0.0,0.000000,0.000000,0,17,0,17,True,1.0,MATCH,,5.312,1.454,0.274,Qwen/Qwen3-ASR-1.7B,True,1.0
K00013595-BMG20-L1N2D2-E-K0KK-04092467,9,끼룩끼룩 갈매기가,끼룩 끼룩 갈매기과,끼룩끼룩 갈매기가.,0.125,0.000000,0.000000,0,8,0,8,True,1.0,MATCH,,6.144,1.063,0.173,Qwen/Qwen3-ASR-1.7B,False,0.953964
K00013970-BMG30-L1N2D4-E-K0KK-02221886,10,너무 행복해 신나게 연주를 마쳤다,너무행복해 신나게 연주를 마쳤다,너무 행복해 신나게 연주를 마쳤다.,0.0,0.000000,0.000000,0,14,0,14,True,1.0,MATCH,,4.608,1.274,0.277,Qwen/Qwen3-ASR-1.7B,True,1.0
K00013585-BFG23-L1N2D1-E-K0KK-01700352,9,그리고 아프지 말고 빨리 나아서 언니랑 커플 인형 놀이 하자.,그리고 아프지 말고 빨리 나아서 언니랑 커플 인형 놀이하자,그리고 아프지 말고 빨리 나와서 언니랑 커플 인형 놀이하자.,0.0,0.041667,0.041667,1,24,1,24,False,0.948125,MATCH,,7.168,2.418,0.337,Qwen/Qwen3-ASR-1.7B,True,1.0
K00013596-BMG23-L1N2D1-E-K0KK-02150931,8,무당벌레 알이 너무 신기했다,무당벌레 알이 너무 신기했다,무당벌레 알이 너무 신기했다.,0.0,0.000000,0.000000,0,12,0,12,True,1.0,MATCH,,4.608,1.088,0.236,Qwen/Qwen3-ASR-1.7B,True,1.0
K00013915-BFG20-L1N2D3-E-K0KK-02077295,8,꿈의 노트에 쓴 나의 꿈은 강아지 기르기와 고양이 기르기다.,구미 노트에 쓴 나의 꿈은 강아지 기르기와 고양이 기르기,꿈이 노트에 쓴 나의 꿈은 강아지 기르기와 고양이 기르기다.,0.125,0.041667,0.041667,1,24,1,24,False,0.992083,MATCH,,8.448,2.415,0.286,Qwen/Qwen3-ASR-1.7B,False,0.916482
K00013585-BFG23-L1N2D2-E-K0KK-01806411,9,집에서 노는 것은 따분하다.,집에서 노는것은 따분하다,집에서 노는 것은 따분하다.,0.0,0.000000,0.000000,0,11,0,11,True,1.0,MATCH,,5.120,1.009,0.197,Qwen/Qwen3-ASR-1.7B,True,1.0
K00013970-BMG30-L1N2D4-E-K0KK-02070429,10,이 책을 읽으며 가장 기억에 남는 부분은,니가 책을 읽으며 가장 기억에 남는 부분은,이 책을 읽으며 가장 기억에 남는 부분은.,0.125,0.000000,0.000000,0,16,0,16,True,1.0,MATCH,,5.248,1.398,0.266,Qwen/Qwen3-ASR-1.7B,False,0.910453
K00013724-BFG30-L1N2D4-E-K0KK-02152604,10,이제 독감 유행 시기가 와서 나랑 동생은 독감주사를 맞으러 병원에 갔다.,이제 독감 유행 시기가 와서 나랑 동생은 독감주사를 맞으러 병원에 갔다,이제 독감 유행 시기가 와서 나랑 동생은 독감 주사를 맞으러 병원에 갔다.,0.0,0.000000,0.000000,0,29,0,29,True,1.0,MATCH,,7.168,2.709,0.378,Qwen/Qwen3-ASR-1.7B,True,1.0
K00013724-BFG30-L1N2D4-E-K0KK-02117292,10,오랜만에 친구들을 직접 만나니까 뭔가 신기하면서 좋은 것 같았다.,오랜만에 친구들을 직접 안 나니까 뭔가 신기 하면서 좋은 것 같았다,오랜만에 친구들을 직접 만나니까 뭔가 신기하면서 좋은 것 같았다.,0.037037,0.000000,0.000000,0,27,0,27,True,1.0,MATCH,,6.016,1.943,0.323,Qwen/Qwen3-ASR-1.7B,False,0.927755
K00013915-BFG20-L1N2D3-E-K0KK-02078520,8,검은콩 찹쌀 도너츠 안에는 다른 찹쌀 도너츠랑 똑같이 팥이 들어가 있었는데 더 맛이 있었다.,검은콩 찹쌀 도너츠 안에는 다른 찹쌀 도너츠랑 또 같이 같이 들어가 있었는데 더 맛있었다,검은콩 찹쌀 도넛 안에는 다른 찹쌀 도넛이랑 똑같이 파츠 들어가 있었는데 더 맛있었다.,0.081081,0.189189,0.189189,7,37,7,37,False,0.861217,MATCH,,10.368,2.851,0.275,Qwen/Qwen3-ASR-1.7B,False,0.874803
K00013585-BFG23-L1N2D2-E-K0KK-01769131,9,엄마는 요즘에 이혼이 흔한 일이라고 하셨고 그런 일로 친구를 따돌리는 것은 옳지 못하다고 하셨다.,엄마는 요즘의 유언이 하는 일이라고 하셨고 그런 일로 친구를 따돌리는것은 옳지 못하다고 하셨다,엄마는 요즘에 이혼이 흔한 일이라고 하셨고 그런 일로 친구를 따돌리는 것은 옳지 못하다고 하셨다.,0.125,0.000000,0.000000,0,40,0,40,True,1.0,MATCH,,9.216,3.123,0.339,Qwen/Qwen3-ASR-1.7B,False,0.806954
K00013724-BFG30-L1N2D4-E-K0KK-02117469,10,오늘은 할머니 생신이어서 할머니 댁에 가서 생신 축하를 드렸다.,오늘은 할머니 생신이여서 할머니댁에 가서 생신축하를 들었다,오늘은 할머니 생신이어서 할머니 댁에 가서 생신 축하를 드렸다.,0.115385,0.000000,0.000000,0,26,0,26,True,1.0,MATCH,,5.632,2.312,0.410,Qwen/Qwen3-ASR-1.7B,False,0.973539
K00013915-BFG20-L1N2D1-E-K0KK-02169015,8,내가 데코레이션을 하고 아빠가 케이크 빵을 만들었다.,내가 데코레이션을 하고 아빠가 케이크 빵을 만들었다,내가 데코레이션을 하고 아빠가 케이크 빵을 만들었다.,0.0,0.000000,0.000000,0,22,0,22,True,1.0,MATCH,,6.656,2.007,0.301,Qwen/Qwen3-ASR-1.7B,True,1.0
K00014483-BMG20-L1N2D1-E-K0KK-02107668,7,그 친구는 참 성실한 아이야.,그 친구는 참 성실한 아이야,그 친구는 참 성실한 아이야.,0.0,0.000000,0.000000,0,11,0,11,True,1.0,MATCH,,4.992,1.193,0.239,Qwen/Qwen3-ASR-1.7B,True,1.0
K00014483-BMG20-L1N2D1-E-K0KK-02056291,7,할머니네 시장엔 먹을 것 구경할 것이 참 많다,할머니네 시장에 먹을 것 구경할것이 참 많다,할머니는 시장에 먹을 것 구경할 것이 참 많다.,0.055556,0.111111,0.111111,2,18,2,18,False,0.950016,MATCH,,6.656,1.690,0.254,Qwen/Qwen3-ASR-1.7B,False,0.995139
K00013596-BMG23-L1N2D1-E-K0KK-02150792,8,수학선생님이 마법천자문 책을 사주셨다,수학 선생님이 마법 천자문 책을 사 주셨다,수학 선생님이 마법 천자문 책을 사주셨다.,0.0,0.000000,0.000000,0,17,0,17,True,1.0,MATCH,,6.656,1.688,0.254,Qwen/Qwen3-ASR-1.7B,True,1.0
K00013585-BFG23-L1N2D2-E-K0KK-01852405,9,동생은 툭하면 울어서 나를 난감하게 만듭니다.,동생은 툭하면 울어서 나를 난 감 하게 만듭니다,동생은 뚝가며 울어서 나를 난감하게 만듭니다.,0.0,0.157895,0.157895,3,19,3,19,False,0.9419,MATCH,,5.120,1.772,0.346,Qwen/Qwen3-ASR-1.7B,True,1.0
K00013970-BMG30-L1N2D4-E-K0KK-02068609,10,어떤 것들을 공연 날짜까지 적어놓고(적꺼놓고) 날이 오면,어떤 것들을 공연 날짜까지 적어 놓고 날이 오면,어떤 걸들을 공연 날짜까지 적어놓고 날이 오면.,0.173913,0.217391,0.217391,5,23,5,23,False,0.961231,MATCH,,7.424,1.827,0.246,Qwen/Qwen3-ASR-1.7B,False,0.97519
K00013595-BMG20-L1N2D2-E-K0KK-03827554,9,놀래켜줄꺼야.,놀래 켜 줄 거야,놀래켜 줄 거야.,0.166667,0.166667,0.166667,1,6,1,6,False,0.980735,MATCH,,6.144,0.978,0.159,Qwen/Qwen3-ASR-1.7B,False,0.788218
K00013724-BFG30-L1N2D4-E-K0KK-02152458,10,학교 현관에 열화상 카메라가 생겼다.,학교 현관에 열화상 카메라가 생겼다,학교 현관에 열화상 카메라가 생겼다.,0.0,0.000000,0.000000,0,15,0,15,True,1.0,MATCH,,5.376,1.454,0.270,Qwen/Qwen3-ASR-1.7B,True,1.0
K00013970-BMG30-L1N2D4-E-K0KK-02158999,10,다음 목적지는 계곡이다. 산속으로 들어가다보니 절도 있고  폭포도 있었다,다음 목적지는 계곡이다 산속으로 들어가다 보니 절도 있고 뽀뽀도 있었다,다음 목적지는 계곡이다. 산속으로 들어가다 보니 절도 있고 폭포도 있었다.,0.066667,0.000000,0.000000,0,30,0,30,True,1.0,MATCH,,7.808,2.266,0.290,Qwen/Qwen3-ASR-1.7B,False,0.923122
K00013970-BMG30-L1N2D4-E-K0KK-02068106,10,이 청소부는 매번 같은 거리만 청소하였는데,2 청소부는 매번 같은 거리만큼 소하였는데,이 청소부는 매번 같은 거리만 청소하였는데.,0.111111,0.000000,0.000000,0,18,0,18,True,1.0,MATCH,,5.504,1.590,0.289,Qwen/Qwen3-ASR-1.7B,False,0.822951
K00014483-BMG20-L1N2D4-E-K0KK-01851398,7,우리도 공부를 마치고 밭으로 따라나갔다,우리도 공부를 마치고 파츠로 따라 나갔다,우리도 공부를 마치고 밭으로 따라 나갔다.,0.117647,0.000000,0.000000,0,17,0,17,True,1.0,MATCH,,6.016,1.562,0.260,Qwen/Qwen3-ASR-1.7B,False,0.759731
K00013596-BMG23-L1N2D1-E-K0KK-02150915,8,장미공원에 들러서 운동을 했다,장미 공원에 들려서 운동을 했다,장미공원을 들려서 운동을 했다.,0.076923,0.153846,0.153846,2,13,2,13,False,0.970645,MATCH,,5.632,1.388,0.246,Qwen/Qwen3-ASR-1.7B,False,0.961564
K00013596-BMG23-L1N2D1-E-K0KK-02150886,8,핸드스프링까지 성공해서 뿌듯했다,핸드 스프링까지 성공에서 푸드 됐다,핸드 스프링까지 성공해서 뿌듯했다.,0.266667,0.000000,0.000000,0,15,0,15,True,1.0,MATCH,,6.656,1.994,0.300,Qwen/Qwen3-ASR-1.7B,False,0.6135
K00013595-BMG20-L1N2D2-E-K0KK-04248018,9,코가 너무 따끔해.,코가 너무 따끔해,코가 너무 따끔해.,0.0,0.000000,0.000000,0,7,0,7,True,1.0,MATCH,,6.144,0.946,0.154,Qwen/Qwen3-ASR-1.7B,True,1.0
K00014483-BMG20-L1N2D1-E-K0KK-02066626,7,형 학원에서 핼러윈 파티 초대를 받았다.,저는 학원에서 핼러윈 파티 초대를 받았다,평화관에서 헬로윈 파티 초대를 받았다.,0.125,0.312500,0.312500,5,16,5,16,False,0.627856,MISMATCH,,7.104,1.577,0.222,Qwen/Qwen3-ASR-1.7B,False,0.887907
K00013970-BMG30-L1N2D4-E-K0KK-02162090,10,사람들과 어울려 춤을 추고 캐롤을 다같이 따라 불렀다,사람들과 어울려 춤을 추고 캐롤을 다같이 따라 불렀다,사람들과 어울려 춤을 추고 캐롤을 다 같이 따라 불렀다.,0.0,0.000000,0.000000,0,22,0,22,True,1.0,MATCH,,6.656,1.971,0.296,Qwen/Qwen3-ASR-1.7B,True,1.0
K00013970-BMG30-L1N2D1-E-K0KK-02103527,10,나에게 도움이 많이 되는 책인거 같다,나에게 도움이 많이 되는 착한 거 같아,나에게 도움이 많이 되는 책인 것 같다.,0.2,0.066667,0.066667,1,15,1,15,False,0.994668,MATCH,,4.672,1.215,0.260,Qwen/Qwen3-ASR-1.7B,False,0.668644
K00013915-BFG20-L1N2D1-E-K0KK-02169255,8,"그외에도 흔한 프렌즈, 흔한 게임 그리고 흔한 일상, 우당탕 홈비디오 등등이 있다.",그외에도 흔한 프렌즈의 슨 한게임 그리고 흔한 일상 우당탕탕 비디오 등등이야,"그 외에도 흔한 프렌즈, 흔한 게임, 그리고 흔한 일상, 우당탕, 홈비디오 등등이 있다.",0.15625,0.000000,0.000000,0,32,0,32,True,1.0,MATCH,,8.192,3.517,0.429,Qwen/Qwen3-ASR-1.7B,False,0.87685
K00013596-BMG23-L1N2D1-E-K0KK-02150944,8,밑에 바퀴가 달려있어서 편하다,밑에 바퀴가 달려 있어서 편하다,밑에 바퀴가 달려 있어서 편하다.,0.0,0.000000,0.000000,0,13,0,13,True,1.0,MATCH,,5.632,1.325,0.235,Qwen/Qwen3-ASR-1.7B,True,1.0
K00013915-BFG20-L1N2D1-E-K0KK-02146945,8,화가 김씨 아저씨가 숲 속에 작업실을 마련했습니다.,김씨 아저씨가 숲속의 작업실 아야나,화가 김 씨 아저씨가 숲 속에 작업실을 마련했습니다.,0.47619,0.000000,0.000000,0,21,0,21,True,1.0,MATCH,,7.680,1.883,0.245,Qwen/Qwen3-ASR-1.7B,False,0.833888
K00013915-BFG20-L1N2D3-E-K0KK-02078140,8,"빵은 모두 여섯 개였는데 고로케, 팥빵, 꽈배기, 찹쌀 도너츠, 검은콩 찹쌀 도너츠였다.",박은 모두 6개 하는데 그렇게 바빠 꽈배기 찹쌀 도너츠 검은콩 찹쌀 도너츠,"빵은 모두 여섯 개였는데, 고로케, 밥빵, 꽈배기, 찹쌀두나츠, 검은콩찹쌀두나츠였다.",0.333333,0.151515,0.151515,5,33,5,33,False,0.975923,MATCH,,11.520,3.421,0.297,Qwen/Qwen3-ASR-1.7B,False,0.705828
K00013585-BFG23-L1N2D2-E-K0KK-01853995,9,아무리 노력해도 딱히 운동 실력이 늘지는 않는다.,아무리 노력해도 닥터로 실력이 들지는 않는다,아무리 노력해도 딱히 운동 실력이 늘지는 않는다.,0.25,0.000000,0.000000,0,20,0,20,True,1.0,MATCH,,5.120,1.657,0.324,Qwen/Qwen3-ASR-1.7B,False,0.573527
K00013596-BMG23-L1N2D1-E-K0KK-02150955,8,신기하게도 단점이 하나도 없었다,신기하게도 단점이 하나도 없었다,신기하게도 단점이 하나도 없었다.,0.0,0.000000,0.000000,0,14,0,14,True,1.0,MATCH,,6.656,1.226,0.184,Qwen/Qwen3-ASR-1.7B,True,1.0
K00013915-BFG20-L1N2D3-E-K0KK-02079102,8,내 생각에 '그냥 NN' 책에서 주인공 NN는 정말 착한 아이같다.,내 생각에 그냥 의미에서 주인공은 뮌헨 정말 착한 아이다,내 생각에 그냥 음미 책에서 주인공 음미는 정말 착한 아이 같다.,0.28,0.160000,0.160000,4,25,4,25,False,0.757631,REVIEW,,10.368,2.149,0.207,Qwen/Qwen3-ASR-1.7B,False,0.604861
K00013595-BMG20-L1N2D2-E-K0KK-04093837,9,빨간색 꽃에 앉았네.,빨간색 꽃에 앉았네,빨간색 꽃에 앉았네.,0.0,0.000000,0.000000,0,8,0,8,True,1.0,MATCH,,6.144,1.214,0.198,Qwen/Qwen3-ASR-1.7B,True,1.0
K00014483-BMG20-L1N2D1-E-K0KK-02152861,7,동생은 나를 놀리고 도망갔다.,동생은 나를 놀 리고 도망갔다,동생은 나를 놀리고 도망갔다.,0.0,0.000000,0.000000,0,12,0,12,True,1.0,MATCH,,6.656,1.454,0.218,Qwen/Qwen3-ASR-1.7B,True,1.0
K00013596-BMG23-L1N2D1-E-K0KK-02150864,8,도무지 이해가 되지 않았다,도무지 이해가 되지 않았다,도무지 이해가 되지 않았다.,0.0,0.000000,0.000000,0,11,0,11,True,1.0,MATCH,,5.120,1.087,0.212,Qwen/Qwen3-ASR-1.7B,True,1.0
K00014483-BMG20-L1N2D1-E-K0KK-02153498,7,난  어서 뒤집힌 우산을 챙겼다.,떠나서 뒤집힌 우산을 챙겼다,떠나서 뒤집힌 우산을 챙겼다.,0.166667,0.166667,0.166667,2,12,2,12,False,0.868467,MATCH,,4.672,1.490,0.319,Qwen/Qwen3-ASR-1.7B,False,0.859357
K00014483-BMG20-L1N2D1-E-K0KK-02106430,7,잘 됐다. 나도 시장에 가는 길인데 같이 가자,잘됐다 나도 시장에 가는 길인데 같이 가자,잘됐다. 나도 시장에 가는 길인데 같이 가자.,0.0,0.000000,0.000000,0,17,0,17,True,1.0,MATCH,,6.848,1.629,0.238,Qwen/Qwen3-ASR-1.7B,True,1.0
K00013596-BMG23-L1N2D1-E-K0KK-02150785,8,태권도에서 경찰과 도둑놀이를 했다,태권도에서 경찰과 도둑 놀이를 했다,태권도에서 경찰과 도둑놀이를 했다.,0.0,0.000000,0.000000,0,15,0,15,True,1.0,MATCH,,7.680,1.541,0.201,Qwen/Qwen3-ASR-1.7B,True,1.0
K00013970-BMG30-L1N2D4-E-K0KK-02069150,10,아저씨는 동료 청소부들에게 말했다,아저씨는 동료 청소부들에게 말했다,아저씨는 동료 청소부들에게 말했다.,0.0,0.000000,0.000000,0,15,0,15,True,1.0,MATCH,,4.864,1.313,0.270,Qwen/Qwen3-ASR-1.7B,True,1.0
K00013970-BMG30-L1N2D4-E-K0KK-02224203,10,나는 엄마에게 가서 죄송하다고 빌었다.,나는 엄마에게 가서 죄송하다 고 비롯한,나는 엄마에게 가서 죄송하다고 빌었다.,0.1875,0.000000,0.000000,0,16,0,16,True,1.0,MATCH,,4.864,1.628,0.335,Qwen/Qwen3-ASR-1.7B,False,0.935147
K00013595-BMG20-L1N2D2-E-K0KK-04094123,9,나도 달콤한 꿀을 맛보고 싶어.,나도 달콤한 꿀을 맛보고 싶어,나도 달콤한 꿀을 맛보고 싶어.,0.0,0.000000,0.000000,0,12,0,12,True,1.0,MATCH,,7.168,1.579,0.220,Qwen/Qwen3-ASR-1.7B,True,1.0
K00013596-BMG23-L1N2D1-E-K0KK-02150775,8,코로나 때문에 축구장 문이 닫혀 있었다,코로나때문에 축구 전문이 닫혀 있었다,코로나 때문에 축구장 문이 닫혀 있었다.,0.0625,0.000000,0.000000,0,16,0,16,True,1.0,MATCH,,6.144,1.425,0.232,Qwen/Qwen3-ASR-1.7B,False,0.885248
K00014483-BMG20-L1N2D4-E-K0KK-01997459,7,우리는 할머니들 어깨와 다리를 주물러드렸다,우리는 할머니들 업계와 다리를 주물러 들렸다,우리는 할머니들 어깨와 다리를 주물러 들렸다.,0.157895,0.052632,0.052632,1,19,1,19,False,0.965136,MATCH,,6.016,1.617,0.269,Qwen/Qwen3-ASR-1.7B,False,0.797146
K00014483-BMG20-L1N2D1-E-K0KK-02107004,7,자는 아기가 너무 이뻐서 사진을 찍었다.,저는 아기가 너무 이뻐서 사진을 찍었다,자는 아기가 너무 이뻐서 사진을 찍었다.,0.0625,0.000000,0.000000,0,16,0,16,True,1.0,MATCH,,6.592,1.290,0.196,Qwen/Qwen3-ASR-1.7B,False,0.770476
K00014723-BMG20-L1N2D4-E-K0KK-01995139,9,부모님께서 야외에서 하는 카트와 유로번지를 하러 나가자고 하셨다.,부모님께서 야외에서 하는 카트와 유로 번지를 하러 나가자 고 하셨다,부모님께서 야외에서 하는 카트와 유로 번지를 하러 나가자고 하셨다.,0.0,0.000000,0.000000,0,28,0,28,True,1.0,MATCH,,10.368,2.396,0.231,Qwen/Qwen3-ASR-1.7B,True,1.0
K00014483-BMG20-L1N2D1-E-K0KK-02106636,7,우린 서로에게 다음에 보자며 손을 흔들었다.,우린 서로에게 다음에 보자 나는 손을 흔들었다,우리는 서로에게 다음에 보자며 손을 흔들었다.,0.111111,0.111111,0.111111,2,18,2,18,False,0.986253,MATCH,,6.272,1.626,0.259,Qwen/Qwen3-ASR-1.7B,False,0.939698
K00014483-BMG20-L1N2D1-E-K0KK-02153079,7,"네, 동생이 저를 놀리고 도망을 갔어요.",내 동생이 저를 놀 리고 도망을 갔어요,내 동생이 저를 놀리고 도망을 갔어요.,0.066667,0.066667,0.066667,1,15,1,15,False,0.979269,MATCH,,5.824,1.602,0.275,Qwen/Qwen3-ASR-1.7B,False,0.925364
K00013596-BMG23-L1N2D1-E-K0KK-02150851,8,사진을 찍을때 여러가지 포즈를 취했다,사진을 찍을 때 여러가지 포즈를 취했다,사진을 찍을 때 여러 가지 포즈를 취했다.,0.0,0.000000,0.000000,0,16,0,16,True,1.0,MATCH,,6.144,1.425,0.232,Qwen/Qwen3-ASR-1.7B,True,1.0
K00014483-BMG20-L1N2D1-E-K0KK-02108607,7,집에 오자마자 망친 시험지를 내 가방에 숨겼다.,집에 오자마자 망친 시험 치르는 데 가방에 숨겼다,집에 오자마자 망친 시험지를 내 가방에 숨겼다.,0.210526,0.000000,0.000000,0,19,0,19,True,1.0,MATCH,,7.232,1.861,0.257,Qwen/Qwen3-ASR-1.7B,False,0.870421
K00013970-BMG30-L1N2D1-E-K0KK-02103959,10,엄마와 이모도 기분이 좋은지 싱글벙글이다.,엄마와 아이 모두 기분이 좋은 둥지 싱글벙글이다,엄마와 이모도 기분이 좋을지 싱글벙글이다.,0.166667,0.055556,0.055556,1,18,1,18,False,0.921257,MATCH,,6.592,1.683,0.255,Qwen/Qwen3-ASR-1.7B,False,0.861137
K00013595-BMG20-L1N2D2-E-K0KK-04254925,9,바닷가 간 기분이야.,바닷가 가는 기분이야,바닷가 간 기분이야.,0.25,0.000000,0.000000,0,8,0,8,True,1.0,MATCH,,5.120,1.062,0.207,Qwen/Qwen3-ASR-1.7B,False,0.971738
K00013597-BFG20-L1N2D1-E-K0KK-02117351,9,돌하르방을 만져봐,돌하르방을 만져 봐,돌하르 방을 만져봐.,0.0,0.000000,0.000000,0,8,0,8,True,1.0,MATCH,,6.144,1.062,0.173,Qwen/Qwen3-ASR-1.7B,True,1.0
K00013596-BMG23-L1N2D1-E-K0KK-02150804,8,어금니에 충치가 생겼다,어금니에 충치가 생겼다,어금니에 충치가 생겼다.,0.0,0.000000,0.000000,0,10,0,10,True,1.0,MATCH,,4.096,1.160,0.283,Qwen/Qwen3-ASR-1.7B,True,1.0
K00014483-BMG20-L1N2D1-E-K0KK-02067269,7,정말 시간 가는 줄 모르는 하루였다.,정말 시간가는 줄 모르는 하루였다,정말 시간 가는 줄 모르는 하루였다.,0.0,0.000000,0.000000,0,14,0,14,True,1.0,MATCH,,5.504,1.284,0.233,Qwen/Qwen3-ASR-1.7B,True,1.0
K00013970-BMG30-L1N2D4-E-K0KK-02223926,10,엄마가 그 말에 눈물을 흘리는 이유는 무엇일까?,엄마가 그 말에 눈물을 흘리는 이유는 무엇일까,엄마가 그 말에 눈물을 흘리는 이유는 무엇일까?,0.0,0.000000,0.000000,0,19,0,19,True,1.0,MATCH,,6.144,1.702,0.277,Qwen/Qwen3-ASR-1.7B,True,1.0
K00013915-BFG20-L1N2D3-E-K0KK-02077354,8,그리고 수영장과 온천이 있는 집을 사는 게 내 꿈이다.,그리고 수영장과 온천이 있는 집을 사는 게 내 꿈이다,그리고 수영장과 온천이 있는 집을 사는 게 내 꿈이다.,0.0,0.000000,0.000000,0,21,0,21,True,1.0,MATCH,,7.936,1.989,0.251,Qwen/Qwen3-ASR-1.7B,True,1.0
K00013724-BFG30-L1N2D4-E-K0KK-02152620,10,코로나 때문에 한참 가지 못하고 유튜브나 화상으로 온라인 예배만 드렸는데 오늘 드디어 직접 가서 예배를 했다.,코로나때문에 엄청 가지 못하고 유튜브나 화상으로 온라인 예배만 드렸는데 오늘 드디어 직접가서 예배를 했다,코로나 때문에 함장 가지 못하고 유튜브나 화상으로 온라인 예배만 드렸는데 오늘 드디어 직접 가서 예배를 했다.,0.044444,0.044444,0.044444,2,45,2,45,False,0.971859,MATCH,,9.600,3.391,0.353,Qwen/Qwen3-ASR-1.7B,False,0.964673
K00013596-BMG23-L1N2D1-E-K0KK-02150846,8,자세히 보니 뿌리가 엄청 많았다,자세히 보니 뿌리가 엄청 많았다,자세히 보니 뿌리가 엄청 많았다.,0.0,0.000000,0.000000,0,13,0,13,True,1.0,MATCH,,5.632,1.450,0.257,Qwen/Qwen3-ASR-1.7B,True,1.0
K00013596-BMG23-L1N2D1-E-K0KK-02150893,8,집에 와서 생각해보니 너무 아쉽고 후회됐다,집에 와서 생각해 보니 너무 아쉽고 후회 됐다,집에 와서 생각해 보니 너무 아쉽고 후회됐다.,0.0,0.000000,0.000000,0,18,0,18,True,1.0,MATCH,,6.144,1.618,0.263,Qwen/Qwen3-ASR-1.7B,True,1.0
K00014483-BMG20-L1N2D1-E-K0KK-02108019,7,엄마도 이 집 크로켓이 제일 맛있다고 하셨다,나도 이제 그렇게 시 제일 맛있다고 하셨다,마더 이 집 크로켓이 제일 맛있다고 하셨다.,0.388889,0.111111,0.111111,2,18,2,18,False,0.891072,MATCH,,5.568,1.676,0.301,Qwen/Qwen3-ASR-1.7B,False,0.552086
K00013915-BFG20-L1N2D3-E-K0KK-02078483,8,그 다음으로 맛있었던 빵은 검은콩 찹쌀 도너츠였다.,그다음으로 맛있었던 빠는 검은콩 찹쌀 도너츠,그 다음으로 맛있었던 빵은 검은콩 찹쌀 도넛이었다.,0.190476,0.142857,0.142857,3,21,3,21,False,0.949131,MATCH,,7.808,1.960,0.251,Qwen/Qwen3-ASR-1.7B,False,0.898585
K00013596-BMG23-L1N2D1-E-K0KK-02150939,8,엄마가 새 책상을 사주셨다,엄마가 새 책상을 사 주셨다,엄마가 새 책상을 사주셨다.,0.0,0.000000,0.000000,0,11,0,11,True,1.0,MATCH,,5.120,1.121,0.219,Qwen/Qwen3-ASR-1.7B,True,1.0
K00014483-BMG20-L1N2D4-E-K0KK-01997881,7,점심을 맛있게 먹은 뒤 꽃다발을 들고 우리는 누나 입학식에 갔다,점심을 맛있게 먹은 뒤 꽃다발을 들고 우리는 루나 입학식에 갔다,점심을 맛있게 먹은 뒤 꽃다발을 들고 우리는 누나 입학식에 갔다.,0.038462,0.000000,0.000000,0,26,0,26,True,1.0,MATCH,,9.088,2.650,0.292,Qwen/Qwen3-ASR-1.7B,False,0.87214
K00014483-BMG20-L1N2D4-E-K0KK-01996821,7,저녁을 맛있게 먹고 우리는 방에 모여 무서운 이야기를 했다,저녁을 맛있게 먹고 우리는 방에 모여 무서운 이야기를 했다,저녁을 맛있게 먹고 우리는 방에 모여 무서운 이야기를 했다.,0.0,0.000000,0.000000,0,24,0,24,True,1.0,MATCH,,7.680,2.151,0.280,Qwen/Qwen3-ASR-1.7B,True,1.0
K00013595-BMG20-L1N2D2-E-K0KK-04092081,9,여름 내내 북적였다가,여름 내내 북적였다,여름 내내 복적이었다가.,0.111111,0.333333,0.333333,3,9,3,9,False,0.810554,REVIEW,,6.144,1.116,0.182,Qwen/Qwen3-ASR-1.7B,False,0.941185
K00014483-BMG20-L1N2D1-E-K0KK-02153084,7,이런.. 네 동생이 말이니?,내 동생이 많이 있니,이런 내 동생이 말이니?,0.555556,0.111111,0.111111,1,9,1,9,False,0.949041,MATCH,,4.864,1.056,0.217,Qwen/Qwen3-ASR-1.7B,False,0.737074
K00013970-BMG30-L1N2D1-E-K0KK-02102722,10,화가는 깊은 잠을 자고 아침이 돼서야 도시로 돌아왔다,깊은 잠을 자고 아침에 도시락,학은 기분 잠을 자고 아침이 돼서야 도시로 돌아왔다.,0.545455,0.227273,0.227273,5,22,5,22,False,0.74734,REVIEW,,6.208,1.872,0.302,Qwen/Qwen3-ASR-1.7B,False,0.587232
K00013585-BFG23-L1N2D2-E-K0KK-01769080,9,다음번에는 자만하지 말고 미리미리 준비해서 다시 백 점을 받고야 말겠다.,다음번에는 자만하지 말고 미리미리 준비해서 다시 백점을 바꿔야만 잤다,다음 번에는 자만하지 말고 미리미리 준비해서 다시 백점을 받고야 말겠다.,0.133333,0.000000,0.000000,0,30,0,30,True,1.0,MATCH,,7.168,2.080,0.290,Qwen/Qwen3-ASR-1.7B,False,0.822495
K00013915-BFG20-L1N2D1-E-K0KK-02147095,8,줌이란 어플리케이션을 이용해 미술 공부를 했는데 참석자가 선생님을 포함해서 총 일곱 명이었다.,주민 위한 어플리케이션을 이용해 미술공부를 했는데 삭제가 선생님을 포함해서 총 7명이었다,주민은 어플리케이션을 이용해 미술 공부를 했는데 참석자가 선생님을 포함해서 총 일곱 명이었다.,0.225,0.075000,0.075000,3,40,3,40,False,0.875507,MATCH,,11.776,3.131,0.266,Qwen/Qwen3-ASR-1.7B,False,0.718861
K00014483-BMG20-L1N2D1-E-K0KK-02058740,7,아빠는 우리에게 멋진 축구공과 보드게임을 사주셨다,아빠는 우리에게 멋진 축구공과 보드게임을 사 주셨다,아빠는 우리에게 멋진 축구공과 보드 게임을 사주셨다.,0.0,0.000000,0.000000,0,22,0,22,True,1.0,MATCH,,7.872,2.034,0.258,Qwen/Qwen3-ASR-1.7B,True,1.0
K00014723-BMG20-L1N2D4-E-K0KK-02120864,9,형은 할머니 댁을 너무 좋아해서 하루종일 마당에서 논다.,형은 할머니 댁을 너무 좋아해서 하루중에 마당에서 논다,형은 할머니 댁을 너무 좋아해서 하루 종일 마당에서 놉다.,0.086957,0.043478,0.043478,1,23,1,23,False,0.946545,MATCH,,7.168,1.970,0.275,Qwen/Qwen3-ASR-1.7B,False,0.965985
K00014483-BMG20-L1N2D1-E-K0KK-02107671,7,이번에도 선생님께 칭찬을 받았다지?,이번에도 선생님께서 칭찬을 받았다지,이번에도 선생님께 칭찬을 받았다지.,0.066667,0.000000,0.000000,0,15,0,15,True,1.0,MATCH,,6.080,1.414,0.233,Qwen/Qwen3-ASR-1.7B,False,0.963062
K00013970-BMG30-L1N2D4-E-K0KK-02068226,10,표지판은 닦아놓았나 싶을정도로 금방 더러워지는데,표지판을 닦아 놓았나 싶을 정도로 금방 더러워 지는데,표지판을 닦아 놓았나 싶을 정도로 금방 더러워지는데.,0.045455,0.045455,0.045455,1,22,1,22,False,0.976864,MATCH,,6.144,2.145,0.349,Qwen/Qwen3-ASR-1.7B,False,0.980189
K00014483-BMG20-L1N2D4-E-K0KK-01851124,7,오후엔 아빠와 함께 감도 땄다,오후엔 아빠와 함께 감도 땄다,오후에 아빠와 함께 감도 땄다.,0.0,0.083333,0.083333,1,12,1,12,False,0.983681,MATCH,,5.248,1.382,0.263,Qwen/Qwen3-ASR-1.7B,True,1.0
K00014483-BMG20-L1N2D1-E-K0KK-02153212,7,종일 집에서만 있으니 너무 지루했다.,종일 집에서 많이 있으니 너무 지루했다,종일 집에서만 있으니 너무 지루했다.,0.133333,0.000000,0.000000,0,15,0,15,True,1.0,MATCH,,5.760,1.183,0.205,Qwen/Qwen3-ASR-1.7B,False,0.962954
K00014483-BMG20-L1N2D1-E-K0KK-02109253,7,할머니와 할아버지가 우리를 반겨 주셨다.,할머니와 할아버지가 우리를 반겨 주셨다,할머니와 할아버지가 우리를 반겨주셨다.,0.0,0.000000,0.000000,0,17,0,17,True,1.0,MATCH,,10.432,1.610,0.154,Qwen/Qwen3-ASR-1.7B,True,1.0
K00013595-BMG20-L1N2D2-E-K0KK-04093426,9,나풀나풀 어여쁜 나비.,나풀나풀 어여쁜 나비,나풀 나풀 어여쁜 나비.,0.0,0.000000,0.000000,0,9,0,9,True,1.0,MATCH,,8.192,1.160,0.142,Qwen/Qwen3-ASR-1.7B,True,1.0
K00013585-BFG23-L1N2D2-E-K0KK-01806648,9,욕심을 가질 것이면 열심히 하라고 하셨다.,욕심을 갖을 것이면 열심히 하라고 하셨다,욕심을 가질 것이면 열심히 하라고 하셨다.,0.117647,0.000000,0.000000,0,17,0,17,True,1.0,MATCH,,6.144,1.496,0.243,Qwen/Qwen3-ASR-1.7B,False,0.99504
K00013970-BMG30-L1N2D1-E-K0KK-02103191,10,하지만 읽다 보니 흥미 진진하고 너무 재미있었다,하지만 왜일까 문희준 지나고 너무 재미있었다,하지만 읽다 보니 흥미진진하고 너무 재미있었다.,0.45,0.000000,0.000000,0,20,0,20,True,1.0,MATCH,,5.504,1.711,0.311,Qwen/Qwen3-ASR-1.7B,False,0.59474
K00014723-BMG20-L1N2D4-E-K0KK-01994860,9,속초 시장에서 사온 만석닭강정과 음료수를 먹었다.,속초시장에서 사온 만석닭강정과 음료수를 먹었다,속초 시장에서 사온 만석 닭강정과 음료수를 먹었다.,0.0,0.000000,0.000000,0,21,0,21,True,1.0,MATCH,,8.320,2.001,0.241,Qwen/Qwen3-ASR-1.7B,True,1.0
K00013585-BFG23-L1N2D2-E-K0KK-01806541,9,약국에서 약을 사고 엄마와 빵집에 들러 빵을 샀다.,약국에서 약을 사 꼬 엄마 빵집에 들렀다 갈 수 있다,약국에서 약을 사고 엄마와 빵집에 들러 빵을 샀다.,0.35,0.000000,0.000000,0,20,0,20,True,1.0,MATCH,,8.192,2.285,0.279,Qwen/Qwen3-ASR-1.7B,False,0.782341
K00013970-BMG30-L1N2D4-E-K0KK-02070902,10,그렇게 항구로 가는 기차를 타고 배를 타 한 섬으로 들어갔다,그렇게 한국으로 가는 기차를 타고 배를 타 한 섬으로 들어갔다,그렇게 항구로 가는 기차를 타고 배를 타 한 섬으로 들어갔다.,0.125,0.000000,0.000000,0,24,0,24,True,1.0,MATCH,,6.912,2.143,0.310,Qwen/Qwen3-ASR-1.7B,False,0.879301
