file_name,age,reference_text,clova_text,llama_text,raw_llama_response,normalized_reference,normalized_clova,normalized_llama,clova_cer_percent,llama_cer_percent,cer_improvement_percent_point,result,llama_changed,clova_exact_match,llama_exact_match,exactly_fixed,unnecessary_change,llama_success,error
K00013915-BFG20-L1N2D3-E-K0KK-02078702.wav,8,왜냐하면 등에 수박씨만한 점들이 다섯 개 있었기 때문이다.,왜냐면 팅에 수박씨 만한 잠뜰이 5개 이상 때문이다,왜냐면 팅에 수박씨 만한 잠자리가 5개 이상 때문이다,"{""corrected_text"": ""왜냐면 팅에 수박씨 만한 잠자리가 5개 이상 때문이다""}",왜냐하면등에수박씨만한점들이다섯개있었기때문이다,왜냐면팅에수박씨만한잠뜰이5개이상때문이다,왜냐면팅에수박씨만한잠자리가5개이상때문이다,37.5,41.67,-4.17,WORSE,True,False,False,False,False,True,
K00014483-BMG20-L1N2D4-E-K0KK-01996052.wav,7,우리는 잡은 물고기를 들고 집으로 돌아왔다,우리는 작은 물고기를 들고 집으로 돌아왔다,우리는 작은 물고기를 들고 집으로 돌아왔다,"{""corrected_text"": ""우리는 작은 물고기를 들고 집으로 돌아왔다""}",우리는잡은물고기를들고집으로돌아왔다,우리는작은물고기를들고집으로돌아왔다,우리는작은물고기를들고집으로돌아왔다,5.56,5.56,0.0,SAME,False,False,False,False,False,True,
K00013597-BFG20-L1N2D1-E-K0KK-01920365.wav,9,노란색 티를 입고,노란색 티를 입고,노란색 티를 입고,"{""corrected_text"": ""노란색 티를 입고""}",노란색티를입고,노란색티를입고,노란색티를입고,0.0,0.0,0.0,SAME,False,True,True,False,False,True,
K00013970-BMG30-L1N2D1-E-K0KK-02104028.wav,10,난 평소와 같이 책을 읽으러 도서관에 갔다.,알람 평소와 같이 책을 읽으러 도서관에 갔다,알람 평소와 같이 책을 읽으러 도서관에 갔습니다.,"{""corrected_text"": ""알람 평소와 같이 책을 읽으러 도서관에 갔습니다.""}",난평소와같이책을읽으러도서관에갔다,알람평소와같이책을읽으러도서관에갔다,알람평소와같이책을읽으러도서관에갔습니다,11.76,23.53,-11.76,WORSE,True,False,False,False,False,True,
K00013597-BFG20-L1N2D1-E-K0KK-01920094.wav,9,미래에서 온 코난을 보다,미래에서 온 코난에 오다,미래에서 온 코난,"{""corrected_text"": ""미래에서 온 코난""}",미래에서온코난을보다,미래에서온코난에오다,미래에서온코난,20.0,30.0,-10.0,WORSE,True,False,False,False,False,True,
K00014483-BMG20-L1N2D1-E-K0KK-02059185.wav,7,오늘은 누나가 머리카락을 자르고 왔다,오늘은 누나가 머리카락을 자르고 왔다,오늘은 누나가 머리카락을 자르러 왔다,"{""corrected_text"": ""오늘은 누나가 머리카락을 자르러 왔다""}",오늘은누나가머리카락을자르고왔다,오늘은누나가머리카락을자르고왔다,오늘은누나가머리카락을자르러왔다,0.0,6.25,-6.25,WORSE,True,True,False,False,True,True,
K00013597-BFG20-L1N2D1-E-K0KK-01809435.wav,9,흰색 털을 가지고 있는 야옹이,신 섹터를 가지고 있는 야옹이,신 세포를 가지고 있는 야옹이,"{""corrected_text"": ""신 세포를 가지고 있는 야옹이""}",흰색털을가지고있는야옹이,신섹터를가지고있는야옹이,신세포를가지고있는야옹이,33.33,33.33,0.0,SAME,True,False,False,False,False,True,
K00013596-BMG23-L1N2D1-E-K0KK-02150880.wav,8,놀이터에서 그네를 타고 신나게 놀았다,놀이터에서 그네를 타고 신나게 놀았다,놀이터에서 그네를 타고 신나게 놀았다,"{""corrected_text"": ""놀이터에서 그네를 타고 신나게 놀았다""}",놀이터에서그네를타고신나게놀았다,놀이터에서그네를타고신나게놀았다,놀이터에서그네를타고신나게놀았다,0.0,0.0,0.0,SAME,False,True,True,False,False,True,
K00014723-BMG20-L1N2D4-E-K0KK-02174131.wav,9,미국에 있을때 초등학생들에게 아주 인기가 있었던 게임이다.,미국에 있을 때 초등학생들에게 아주 인기가 있었던 게임입니다,미국에 있을 때 초등학생들에게 아주 인기가 있었던 게임이었습니다.,"{""corrected_text"": ""미국에 있을 때 초등학생들에게 아주 인기가 있었던 게임이었습니다.""}",미국에있을때초등학생들에게아주인기가있었던게임이다,미국에있을때초등학생들에게아주인기가있었던게임입니다,미국에있을때초등학생들에게아주인기가있었던게임이었습니다,8.0,12.0,-4.0,WORSE,True,False,False,False,False,True,
K00013596-BMG23-L1N2D1-E-K0KK-02150789.wav,8,내가 다른 친구들을 부활시켜 줬다,내가 다른 친구들을 부활 시켜 줬다,내가 다른 친구들을 부활시켜 줬다,"{""corrected_text"": ""내가 다른 친구들을 부활시켜 줬다""}",내가다른친구들을부활시켜줬다,내가다른친구들을부활시켜줬다,내가다른친구들을부활시켜줬다,0.0,0.0,0.0,SAME,False,True,True,False,False,True,
K00013585-BFG23-L1N2D2-E-K0KK-01852631.wav,9,한 마리로는 모두 배부르게 먹지 못한다고 하셨다.,한마리는 모두 배부르게 먹지 못한다고 하셨다,한마리는 모두 배부르게 먹지 못했다고 하셨다,"{""corrected_text"": ""한마리는 모두 배부르게 먹지 못했다고 하셨다""}",한마리로는모두배부르게먹지못한다고하셨다,한마리는모두배부르게먹지못한다고하셨다,한마리는모두배부르게먹지못했다고하셨다,5.0,10.0,-5.0,WORSE,True,False,False,False,False,True,
K00013724-BFG30-L1N2D4-E-K0KK-02117328.wav,10,우리는 결국 지각 일 분 전인 사십구분에 반에 도착했다.,우리는 결국 지각에 본전인 49분에 도착했다,우리는 결국 지각에 본전인 49분에 도착했다,"{""corrected_text"": ""우리는 결국 지각에 본전인 49분에 도착했다""}",우리는결국지각일분전인사십구분에반에도착했다,우리는결국지각에본전인49분에도착했다,우리는결국지각에본전인49분에도착했다,31.82,31.82,0.0,SAME,False,False,False,False,False,True,
K00013970-BMG30-L1N2D4-E-K0KK-02069479.wav,10,많은 사람들을 발견했다,많은 사람들을 발견했다,많은 사람들을 발견했습니다,"{""corrected_text"": ""많은 사람들을 발견했습니다""}",많은사람들을발견했다,많은사람들을발견했다,많은사람들을발견했습니다,0.0,20.0,-20.0,WORSE,True,True,False,False,True,True,
K00014483-BMG20-L1N2D1-E-K0KK-02056300.wav,7,할머니가 핫바와 타코야키를 사주셨다,할머니가 핫바와 타코야끼를 사 주셨다,할머니가 핫도그와 타코야끼를 사 주셨다,"{""corrected_text"": ""할머니가 핫도그와 타코야끼를 사 주셨다""}",할머니가핫바와타코야키를사주셨다,할머니가핫바와타코야끼를사주셨다,할머니가핫도그와타코야끼를사주셨다,6.25,18.75,-12.5,WORSE,True,False,False,False,False,True,
K00013596-BMG23-L1N2D1-E-K0KK-02150839.wav,8,치과에 도착하니 이상하게 안아팠다,치과에 도착하니 이상하게 안 아팠다,치과에 도착하니 이상하게 안 아팠다,"{""corrected_text"": ""치과에 도착하니 이상하게 안 아팠다""}",치과에도착하니이상하게안아팠다,치과에도착하니이상하게안아팠다,치과에도착하니이상하게안아팠다,0.0,0.0,0.0,SAME,False,True,True,False,False,True,
K00013724-BFG30-L1N2D4-E-K0KK-02152481.wav,10,우리 가족은 거기 단골 손님이다.,우리 가족은 거기 단골 손님이다,우리 가족은 거기서 단골 손님이다,"{""corrected_text"": ""우리 가족은 거기서 단골 손님이다""}",우리가족은거기단골손님이다,우리가족은거기단골손님이다,우리가족은거기서단골손님이다,0.0,7.69,-7.69,WORSE,True,True,False,False,True,True,
K00014483-BMG20-L1N2D1-E-K0KK-02109253.wav,7,할머니와 할아버지가 우리를 반겨 주셨다.,할머니와 할아버지가 우리를 반겨 주셨다,할머니와 할아버지가 우리를 반겨 주셨습니다.,"{""corrected_text"": ""할머니와 할아버지가 우리를 반겨 주셨습니다.""}",할머니와할아버지가우리를반겨주셨다,할머니와할아버지가우리를반겨주셨다,할머니와할아버지가우리를반겨주셨습니다,0.0,11.76,-11.76,WORSE,True,True,False,False,True,True,
K00013915-BFG20-L1N2D3-E-K0KK-02078919.wav,8,하루에 두 통을 혼자서 다 먹었다.,하루에 2통을 혼자서 다 먹어,하루에 2통을 혼자서 다 먹습니다.,"{""corrected_text"": ""하루에 2통을 혼자서 다 먹습니다.""}",하루에두통을혼자서다먹었다,하루에2통을혼자서다먹어,하루에2통을혼자서다먹습니다,23.08,23.08,0.0,SAME,True,False,False,False,False,True,
K00014483-BMG20-L1N2D1-E-K0KK-02153297.wav,7,바람이 너무 강해서 우산이 그만 망가졌다.,바람이 너무 강해서 우산을 만 망가졌다,바람이 너무 강해서 우산을 망가뜨렸다,"{""corrected_text"": ""바람이 너무 강해서 우산을 망가뜨렸다""}",바람이너무강해서우산이그만망가졌다,바람이너무강해서우산을만망가졌다,바람이너무강해서우산을망가뜨렸다,11.76,29.41,-17.65,WORSE,True,False,False,False,False,True,
K00013915-BFG20-L1N2D3-E-K0KK-02078974.wav,8,하지만 그러면 배가 터져버릴 지도 모르니 그럴 수는 없다.,하지만 그러면 배가 터져 버릴 지도 모르니 그럴수는 없다,그러나 그러면 배가 터질 지도 모릅니다,"{""corrected_text"": ""그러나 그러면 배가 터질 지도 모릅니다""}",하지만그러면배가터져버릴지도모르니그럴수는없다,하지만그러면배가터져버릴지도모르니그럴수는없다,그러나그러면배가터질지도모릅니다,0.0,52.17,-52.17,WORSE,True,True,False,False,True,True,
K00014483-BMG20-L1N2D1-E-K0KK-02107981.wav,7,난 보통 쉬는 시간에 친구들과 수다를 떨면서 논다.,그럼 보통 쉬는 시간에 친구들과 수다를 떨면서 논다,보통 쉬는 시간에 친구들과 수다를 떨면서 논다,"{""corrected_text"": ""보통 쉬는 시간에 친구들과 수다를 떨면서 논다""}",난보통쉬는시간에친구들과수다를떨면서논다,그럼보통쉬는시간에친구들과수다를떨면서논다,보통쉬는시간에친구들과수다를떨면서논다,10.0,5.0,5.0,IMPROVED,True,False,False,False,False,True,
K00013970-BMG30-L1N2D1-E-K0KK-02103755.wav,10,나에게 있어서 가장 소중한 것은 가족이라고 생각한다,나에게 있어서 가장 소중한것은 가족이라고 생각한다,나에게 있어서 가장 소중한 것은 가족이라고 생각한다,"{""corrected_text"": ""나에게 있어서 가장 소중한 것은 가족이라고 생각한다""}",나에게있어서가장소중한것은가족이라고생각한다,나에게있어서가장소중한것은가족이라고생각한다,나에게있어서가장소중한것은가족이라고생각한다,0.0,0.0,0.0,SAME,False,True,True,False,False,True,
K00014483-BMG20-L1N2D1-E-K0KK-02107557.wav,7,친구는 새로 산 토끼 장난감을 보여주었다.,친구는 새로산 토끼 장난감을 보여 주었다,친구는 새로 산 토끼 장난감을 보여 주었다,"{""corrected_text"": ""친구는 새로 산 토끼 장난감을 보여 주었다""}",친구는새로산토끼장난감을보여주었다,친구는새로산토끼장난감을보여주었다,친구는새로산토끼장난감을보여주었다,0.0,0.0,0.0,SAME,False,True,True,False,False,True,
K00013596-BMG23-L1N2D1-E-K0KK-02150958.wav,8,새로운 너프건도 사주셨다,새로운 너프건 더사 주셨다,새로운 너프 건 더 사 주셨다,"{""corrected_text"": ""새로운 너프 건 더 사 주셨다""}",새로운너프건도사주셨다,새로운너프건더사주셨다,새로운너프건더사주셨다,9.09,9.09,0.0,SAME,False,False,False,False,False,True,
K00013724-BFG30-L1N2D4-E-K0KK-02152626.wav,10,내 생각에는 사람들이 많이 올 줄 알았지만 생각보다 적게 왔다.,내 생각에는 사람들이 많이 올 줄 알았지만 생각보다 적게 왔다,내 생각에는 사람들이 많이 올 줄 알았는데 생각보다 적게 왔다,"{""corrected_text"": ""내 생각에는 사람들이 많이 올 줄 알았는데 생각보다 적게 왔다""}",내생각에는사람들이많이올줄알았지만생각보다적게왔다,내생각에는사람들이많이올줄알았지만생각보다적게왔다,내생각에는사람들이많이올줄알았는데생각보다적게왔다,0.0,8.0,-8.0,WORSE,True,True,False,False,True,True,
K00013915-BFG20-L1N2D1-E-K0KK-02146994.wav,8,오늘은 공부가 엄청 쉽게 끝났다.,오늘은 공부가 엄청 쉽게 끝난다,오늘은 공부가 엄청 쉽게 끝난다.,"{""corrected_text"": ""오늘은 공부가 엄청 쉽게 끝난다. ""}",오늘은공부가엄청쉽게끝났다,오늘은공부가엄청쉽게끝난다,오늘은공부가엄청쉽게끝난다,7.69,7.69,0.0,SAME,False,False,False,False,False,True,
K00013915-BFG20-L1N2D3-E-K0KK-02078171.wav,8,그 중에서 고로케가 제일 맛있었다.,그중에서 고로케가 제일 맛있었다,그중에서 고로케가 제일 맛있었다,"{""corrected_text"": ""그중에서 고로케가 제일 맛있었다""}",그중에서고로케가제일맛있었다,그중에서고로케가제일맛있었다,그중에서고로케가제일맛있었다,0.0,0.0,0.0,SAME,False,True,True,False,False,True,
K00013596-BMG23-L1N2D1-E-K0KK-02150896.wav,8,다음에 또 하면 잘 할 수 있을 것 같다,남은 돈은 잘 할 수 있을 것 같다,남은 돈은 잘 할 수 있을 것 같다.,"{""corrected_text"": ""남은 돈은 잘 할 수 있을 것 같다.""}",다음에또하면잘할수있을것같다,남은돈은잘할수있을것같다,남은돈은잘할수있을것같다,42.86,42.86,0.0,SAME,False,False,False,False,False,True,
K00013595-BMG20-L1N2D2-E-K0KK-04108659.wav,9,애기고구마도 나오고,인기 고구마도 나오고,인기 고구마도 나오고,"{""corrected_text"": ""인기 고구마도 나오고""}",애기고구마도나오고,인기고구마도나오고,인기고구마도나오고,11.11,11.11,0.0,SAME,False,False,False,False,False,True,
K00013595-BMG20-L1N2D2-E-K0KK-04237368.wav,9,얼른 집으로 가렴.,얼른 집으로 가렴,얼른 집으로 가라,"{""corrected_text"": ""얼른 집으로 가라""}",얼른집으로가렴,얼른집으로가렴,얼른집으로가라,0.0,14.29,-14.29,WORSE,True,True,False,False,True,True,
K00014483-BMG20-L1N2D1-E-K0KK-02059037.wav,7,가족들은 모두 모여 식사를 하시며 할머니의 어버이날을 축하하셨다,가족들은 모두 모여 식사를 하시면 할머니의 어버이 날을 축하해 주었다,가족들은 모두 모여 식사를 하시면 할머니의 어버이날을 축하해 주었다,"{""corrected_text"": ""가족들은 모두 모여 식사를 하시면 할머니의 어버이날을 축하해 주었다""}",가족들은모두모여식사를하시며할머니의어버이날을축하하셨다,가족들은모두모여식사를하시면할머니의어버이날을축하해주었다,가족들은모두모여식사를하시면할머니의어버이날을축하해주었다,14.29,14.29,0.0,SAME,False,False,False,False,False,True,
K00013970-BMG30-L1N2D4-E-K0KK-02159138.wav,10,엄마는 누나가 청소를 하는게 믿기지 않는 모양이다.,엄마는 누나가 충돌하는 게 믿기지 않는 모양이다,엄마는 누나가 충돌하는 게 믿기지 않는 모양이다.,"{""corrected_text"": ""엄마는 누나가 충돌하는 게 믿기지 않는 모양이다.""}",엄마는누나가청소를하는게믿기지않는모양이다,엄마는누나가충돌하는게믿기지않는모양이다,엄마는누나가충돌하는게믿기지않는모양이다,14.29,14.29,0.0,SAME,False,False,False,False,False,True,
K00013970-BMG30-L1N2D1-E-K0KK-02103715.wav,10,그렇게 울고 있는 왕자에게 여우가 나타난다,그렇게 울고 있는 왕자에게 요구가 나타난다,그렇게 울고 있는 왕자에게 요구가 나타났다,"{""corrected_text"": ""그렇게 울고 있는 왕자에게 요구가 나타났다""}",그렇게울고있는왕자에게여우가나타난다,그렇게울고있는왕자에게요구가나타난다,그렇게울고있는왕자에게요구가나타났다,11.11,16.67,-5.56,WORSE,True,False,False,False,False,True,
K00013585-BFG23-L1N2D1-E-K0KK-01700347.wav,9,자꾸 방에 못 들어오게 해서 미안하고 맨날 짜증 내서 미안해.,자꾸 방에 못들어 오게 해서 미안하고 맨날 짜증 내서 미안해,자꾸 방에 못들어 오게 해서 미안하고 매일 짜증 내서 미안해,"{""corrected_text"": ""자꾸 방에 못들어 오게 해서 미안하고 매일 짜증 내서 미안해""}",자꾸방에못들어오게해서미안하고맨날짜증내서미안해,자꾸방에못들어오게해서미안하고맨날짜증내서미안해,자꾸방에못들어오게해서미안하고매일짜증내서미안해,0.0,8.33,-8.33,WORSE,True,True,False,False,True,True,
K00013585-BFG23-L1N2D2-E-K0KK-01853965.wav,9,그래도 한동안은 엄마와 함께 집 근처 하천에서 달리기 연습도 하였다.,그래서 한동안은 엄마와 함께 집 근처 하천에서 달리게 한다였다,그래서 한동안은 엄마와 함께 집 근처 하천에서 달리게 한다.,"{""corrected_text"": ""그래서 한동안은 엄마와 함께 집 근처 하천에서 달리게 한다.""}",그래도한동안은엄마와함께집근처하천에서달리기연습도하였다,그래서한동안은엄마와함께집근처하천에서달리게한다였다,그래서한동안은엄마와함께집근처하천에서달리게한다,21.43,25.0,-3.57,WORSE,True,False,False,False,False,True,
K00013724-BFG30-L1N2D4-E-K0KK-02114845.wav,10,벌레가 윙윙거리며 날아다녀서 징그럽고 조금 무서웠다.,벌레가 윙윙 거리며 날아 들면서 친구 같고 조금 무서웠다,벌레가 윙윙 거리며 날아 들면서 친구 같고 조금 무서웠다.,"{""corrected_text"": ""벌레가 윙윙 거리며 날아 들면서 친구 같고 조금 무서웠다. ""}",벌레가윙윙거리며날아다녀서징그럽고조금무서웠다,벌레가윙윙거리며날아들면서친구같고조금무서웠다,벌레가윙윙거리며날아들면서친구같고조금무서웠다,21.74,21.74,0.0,SAME,False,False,False,False,False,True,
K00013970-BMG30-L1N2D1-E-K0KK-02103396.wav,10,한편으로 나무가 불쌍했던 이유는,한편으로 나눈 값은,한편으로 나눈 값은,"{""corrected_text"": ""한편으로 나눈 값은""}",한편으로나무가불쌍했던이유는,한편으로나눈값은,한편으로나눈값은,64.29,64.29,0.0,SAME,False,False,False,False,False,True,
K00013595-BMG20-L1N2D2-E-K0KK-04109990.wav,9,물리면 큰일이니까.,물리면 큰일이니까,물리면 큰일이니까,"{""corrected_text"": ""물리면 큰일이니까""}",물리면큰일이니까,물리면큰일이니까,물리면큰일이니까,0.0,0.0,0.0,SAME,False,True,True,False,False,True,
K00014483-BMG20-L1N2D1-E-K0KK-02066526.wav,7,다음부터는 시험 시간에 딴짓을 하지 않고 열심히 해야겠다.,다음부터는 시험 시간에 담 제대로 하지 않고 열심히 해야겠다,다음부터는 시험 시간에 담 제대로 하고 열심히 해야겠다,"{""corrected_text"": ""다음부터는 시험 시간에 담 제대로 하고 열심히 해야겠다""}",다음부터는시험시간에딴짓을하지않고열심히해야겠다,다음부터는시험시간에담제대로하지않고열심히해야겠다,다음부터는시험시간에담제대로하고열심히해야겠다,16.67,25.0,-8.33,WORSE,True,False,False,False,False,True,
K00014483-BMG20-L1N2D1-E-K0KK-02109188.wav,7,구름 같은 솜사탕을 맛있게 먹었다.,그럼 같은 사탕을 맛있게 먹었다,같은 사탕을 맛있게 먹었다,"{""corrected_text"": ""같은 사탕을 맛있게 먹었다""}",구름같은솜사탕을맛있게먹었다,그럼같은사탕을맛있게먹었다,같은사탕을맛있게먹었다,21.43,21.43,0.0,SAME,True,False,False,False,False,True,
K00014483-BMG20-L1N2D1-E-K0KK-02107004.wav,7,자는 아기가 너무 이뻐서 사진을 찍었다.,저는 아기가 너무 이뻐서 사진을 찍었다,저는 아기가 너무 이뻐서 사진을 찍었습니다.,"{""corrected_text"": ""저는 아기가 너무 이뻐서 사진을 찍었습니다.""}",자는아기가너무이뻐서사진을찍었다,저는아기가너무이뻐서사진을찍었다,저는아기가너무이뻐서사진을찍었습니다,6.25,18.75,-12.5,WORSE,True,False,False,False,False,True,
K00013596-BMG23-L1N2D1-E-K0KK-02150861.wav,8,무용실에 들어가서 준비운동을 했다,미용실을 들어가서 준비 운동을 했다,미용실에 들어가서 준비 운동을 했다,"{""corrected_text"": ""미용실에 들어가서 준비 운동을 했다""}",무용실에들어가서준비운동을했다,미용실을들어가서준비운동을했다,미용실에들어가서준비운동을했다,13.33,6.67,6.67,IMPROVED,True,False,False,False,False,True,
K00013915-BFG20-L1N2D3-E-K0KK-02077926.wav,8,그런데 정말 시원했다.,그런데 정말 시원하다,그런데 정말 시원합니다.,"{""corrected_text"": ""그런데 정말 시원합니다.""}",그런데정말시원했다,그런데정말시원하다,그런데정말시원합니다,11.11,22.22,-11.11,WORSE,True,False,False,False,False,True,
K00013596-BMG23-L1N2D1-E-K0KK-02150771.wav,8,현무암이라는 돌을 바다에서 주웠다,전망이라는 돈을 받아야 해서 좋았다,전망이라는 돈을 받아야 해서 좋았다,"{""corrected_text"": ""전망이라는 돈을 받아야 해서 좋았다""}",현무암이라는돌을바다에서주웠다,전망이라는돈을받아야해서좋았다,전망이라는돈을받아야해서좋았다,66.67,66.67,0.0,SAME,False,False,False,False,False,True,
K00013970-BMG30-L1N2D1-E-K0KK-02103142.wav,10,이유는 타무즈가 '초록의 신'이라고 불렀다,이유는 다 무조건 초록여신이라고 불렀다,이유는 다 무조건 초록여신이라고 불렀다,"{""corrected_text"": ""이유는 다 무조건 초록여신이라고 불렀다""}",이유는타무즈가초록의신이라고불렀다,이유는다무조건초록여신이라고불렀다,이유는다무조건초록여신이라고불렀다,23.53,23.53,0.0,SAME,False,False,False,False,False,True,
K00013596-BMG23-L1N2D1-E-K0KK-02150893.wav,8,집에 와서 생각해보니 너무 아쉽고 후회됐다,집에 와서 생각해 보니 너무 아쉽고 후회 됐다,집에 와서 생각해 보니 너무 아쉽고 후회가 됐다,"{""corrected_text"": ""집에 와서 생각해 보니 너무 아쉽고 후회가 됐다""}",집에와서생각해보니너무아쉽고후회됐다,집에와서생각해보니너무아쉽고후회됐다,집에와서생각해보니너무아쉽고후회가됐다,0.0,5.56,-5.56,WORSE,True,True,False,False,True,True,
K00013724-BFG30-L1N2D4-E-K0KK-02152494.wav,10,나는 치과에서 충치를 치료하는 것 보다 이를 빼는게 더 무섭다.,나는 치과에서 충치를 치료하는것보다 이를 빼는 게 더 무섭다,나는 치과에서 충치를 치료하는 것보다 이를 빼는 게 더 무섭다,"{""corrected_text"": ""나는 치과에서 충치를 치료하는 것보다 이를 빼는 게 더 무섭다""}",나는치과에서충치를치료하는것보다이를빼는게더무섭다,나는치과에서충치를치료하는것보다이를빼는게더무섭다,나는치과에서충치를치료하는것보다이를빼는게더무섭다,0.0,0.0,0.0,SAME,False,True,True,False,False,True,
K00013970-BMG30-L1N2D4-E-K0KK-02070001.wav,10,아저씨에게는 이 생각들이 전부 소중했지만,아저씨에게는 이 생각들이 전부 소중했지만,아저씨에게는 이 생각들이 전부 소중했다,"{""corrected_text"": ""아저씨에게는 이 생각들이 전부 소중했다""}",아저씨에게는이생각들이전부소중했지만,아저씨에게는이생각들이전부소중했지만,아저씨에게는이생각들이전부소중했다,0.0,11.11,-11.11,WORSE,True,True,False,False,True,True,
K00013970-BMG30-L1N2D4-E-K0KK-02068226.wav,10,표지판은 닦아놓았나 싶을정도로 금방 더러워지는데,표지판을 닦아 놓았나 싶을 정도로 금방 더러워 지는데,표지판을 닦아 놓았나 싶을 정도로 금방 더러워 지는데,"{""corrected_text"": ""표지판을 닦아 놓았나 싶을 정도로 금방 더러워 지는데""}",표지판은닦아놓았나싶을정도로금방더러워지는데,표지판을닦아놓았나싶을정도로금방더러워지는데,표지판을닦아놓았나싶을정도로금방더러워지는데,4.55,4.55,0.0,SAME,False,False,False,False,False,True,
K00013585-BFG23-L1N2D1-E-K0KK-01700976.wav,9,우리는 고작 이박삼일 캠핑에도 짐이 이렇게 많은데 말이다.,우리는 고작 2박 3일 캠핑에도 짐이 이렇게 많은데 말이다,우리는 고작 2박 3일 캠핑에도 짐이 이렇게 많다는데 말이다,"{""corrected_text"": ""우리는 고작 2박 3일 캠핑에도 짐이 이렇게 많다는데 말이다""}",우리는고작이박삼일캠핑에도짐이이렇게많은데말이다,우리는고작2박3일캠핑에도짐이이렇게많은데말이다,우리는고작2박3일캠핑에도짐이이렇게많다는데말이다,8.33,16.67,-8.33,WORSE,True,False,False,False,False,True,
K00013585-BFG23-L1N2D1-E-K0KK-01725481.wav,9,바람에 휘이익 새처럼 나는 깜장 비닐봉지,바람에 휘 새처럼 나는 감정이 뭔지,바람에 휘날리듯이 나는 감정이 뭔지,"{""corrected_text"": ""바람에 휘날리듯이 나는 감정이 뭔지""}",바람에휘이익새처럼나는깜장비닐봉지,바람에휘새처럼나는감정이뭔지,바람에휘날리듯이나는감정이뭔지,41.18,58.82,-17.65,WORSE,True,False,False,False,False,True,
K00014483-BMG20-L1N2D4-E-K0KK-01851419.wav,7,형은 뽑은 무와 쪽파를 마당으로 옮겼다,정원 뽑은 무안 쪽파를 마당으로 옮겼다,정원에서 뽑은 무안쪽파를 마당으로 옮겼다,"{""corrected_text"": ""정원에서 뽑은 무안쪽파를 마당으로 옮겼다""}",형은뽑은무와쪽파를마당으로옮겼다,정원뽑은무안쪽파를마당으로옮겼다,정원에서뽑은무안쪽파를마당으로옮겼다,18.75,31.25,-12.5,WORSE,True,False,False,False,False,True,
K00013595-BMG20-L1N2D2-E-K0KK-04245996.wav,9,달콤함은 노래를 부르고,달콤함은 노래를 부르고,달콤함은 노래를 불러,"{""corrected_text"": ""달콤함은 노래를 불러""}",달콤함은노래를부르고,달콤함은노래를부르고,달콤함은노래를불러,0.0,30.0,-30.0,WORSE,True,True,False,False,True,True,
K00013970-BMG30-L1N2D4-E-K0KK-02069521.wav,10,어느날은 방송프로그램에 카메라와 기자까지 취재를 왔다,어느날은 방송 프로그램에 카메라와 기사까지 취재를 왔다,어느 날은 방송 프로그램에 카메라와 기자를 취재했다,"{""corrected_text"": ""어느 날은 방송 프로그램에 카메라와 기자를 취재했다""}",어느날은방송프로그램에카메라와기자까지취재를왔다,어느날은방송프로그램에카메라와기사까지취재를왔다,어느날은방송프로그램에카메라와기자를취재했다,4.17,16.67,-12.5,WORSE,True,False,False,False,False,True,
K00014483-BMG20-L1N2D1-E-K0KK-02061489.wav,7,짐 정리가 끝나자 라면을 끓여 간식으로 먹었다,김 총리가 끝나자 라면을 끓여 간식으로 먹었다,김 총리가 끝나자마자 라면을 끓여 간식으로 먹었다,"{""corrected_text"": ""김 총리가 끝나자마자 라면을 끓여 간식으로 먹었다""}",짐정리가끝나자라면을끓여간식으로먹었다,김총리가끝나자라면을끓여간식으로먹었다,김총리가끝나자마자라면을끓여간식으로먹었다,10.53,21.05,-10.53,WORSE,True,False,False,False,False,True,
K00013596-BMG23-L1N2D1-E-K0KK-02150782.wav,8,오늘은 농구장에서 축구를 했다,오늘은 농구장에서 축구를 했다,오늘은 농구장을 축구장으로 오면서 축구를 했다,"{""corrected_text"": ""오늘은 농구장을 축구장으로 오면서 축구를 했다""}",오늘은농구장에서축구를했다,오늘은농구장에서축구를했다,오늘은농구장을축구장으로오면서축구를했다,0.0,61.54,-61.54,WORSE,True,True,False,False,True,True,
K00014483-BMG20-L1N2D1-E-K0KK-02065371.wav,7,우린 저녁을 먹고 텐트에 들어가 영화도 보고 게임도 했다,우리는 저녁을 먹고 그냥 들어가 영화도 보고 게임도 했다,우리는 저녁을 먹고 그냥 들어가서 영화도 보고 게임도 했다,"{""corrected_text"": ""우리는 저녁을 먹고 그냥 들어가서 영화도 보고 게임도 했다""}",우린저녁을먹고텐트에들어가영화도보고게임도했다,우리는저녁을먹고그냥들어가영화도보고게임도했다,우리는저녁을먹고그냥들어가서영화도보고게임도했다,21.74,26.09,-4.35,WORSE,True,False,False,False,False,True,
K00013724-BFG30-L1N2D4-E-K0KK-02118426.wav,10,다음에는 지하철역에 있는 중고 서점에 가서 소설책 두 권을 샀다.,다음엔 지하철역에 있는 중고 서점에 가서 소설책을 샀다,다음엔 지하철역에 있는 중고 서점에 가서 소설책을 구입했다,"{""corrected_text"": ""다음엔 지하철역에 있는 중고 서점에 가서 소설책을 구입했다""}",다음에는지하철역에있는중고서점에가서소설책두권을샀다,다음엔지하철역에있는중고서점에가서소설책을샀다,다음엔지하철역에있는중고서점에가서소설책을구입했다,15.38,23.08,-7.69,WORSE,True,False,False,False,False,True,
K00013970-BMG30-L1N2D4-E-K0KK-02222592.wav,10,난 아이스크림을 떨군 내 자신이 너무 불쌍했다.,넌 아이스크림을 떨군 내 자신이 너무 불쌍했다,넌 아이스크림을 먹은 내 자신이 너무 불쌍했다,"{""corrected_text"": ""넌 아이스크림을 먹은 내 자신이 너무 불쌍했다""}",난아이스크림을떨군내자신이너무불쌍했다,넌아이스크림을떨군내자신이너무불쌍했다,넌아이스크림을먹은내자신이너무불쌍했다,5.26,15.79,-10.53,WORSE,True,False,False,False,False,True,
K00014483-BMG20-L1N2D1-E-K0KK-02154069.wav,7,설마 내가 씻고 오는 동안 먹는 건 아니겠지?,주면 내가 씻고 오는 동안 먹는 건 아니겠지,주면 내가 씻고 오는 동안 먹는 건 아니겠지,"{""corrected_text"": ""주면 내가 씻고 오는 동안 먹는 건 아니겠지""}",설마내가씻고오는동안먹는건아니겠지,주면내가씻고오는동안먹는건아니겠지,주면내가씻고오는동안먹는건아니겠지,11.76,11.76,0.0,SAME,False,False,False,False,False,True,
K00014483-BMG20-L1N2D1-E-K0KK-02153140.wav,7,그리고 내가 형이니 동생을 좀 봐주라고 하셨다,그리고 내가 형이 동생을 좀 봐 주라고 하셨다,형이 동생을 좀 봐 주라고 하셨다,"{""corrected_text"": ""형이 동생을 좀 봐 주라고 하셨다""}",그리고내가형이니동생을좀봐주라고하셨다,그리고내가형이동생을좀봐주라고하셨다,형이동생을좀봐주라고하셨다,5.26,31.58,-26.32,WORSE,True,False,False,False,False,True,
K00013915-BFG20-L1N2D3-E-K0KK-02078483.wav,8,그 다음으로 맛있었던 빵은 검은콩 찹쌀 도너츠였다.,그다음으로 맛있었던 빠는 검은콩 찹쌀 도너츠,그다음으로 맛있었던 빵은 검은콩 찹쌀 도너츠,"{""corrected_text"": ""그다음으로 맛있었던 빵은 검은콩 찹쌀 도너츠""}",그다음으로맛있었던빵은검은콩찹쌀도너츠였다,그다음으로맛있었던빠는검은콩찹쌀도너츠,그다음으로맛있었던빵은검은콩찹쌀도너츠,19.05,9.52,9.52,IMPROVED,True,False,False,False,False,True,
K00013585-BFG23-L1N2D2-E-K0KK-01806810.wav,9,냄새는 좋았지만 내 입맛에 너무 달아서 남은 것을 동생에게 주었다.,냄새는 좋았지만 내입맛이 너무 달아서 담은것은 더 생각해 줬다,냄새는 좋았지만 내 입맛이 너무 달아서 담은 것은 더 생각해 줬다,"{""corrected_text"": ""냄새는 좋았지만 내 입맛이 너무 달아서 담은 것은 더 생각해 줬다""}",냄새는좋았지만내입맛에너무달아서남은것을동생에게주었다,냄새는좋았지만내입맛이너무달아서담은것은더생각해줬다,냄새는좋았지만내입맛이너무달아서담은것은더생각해줬다,29.63,29.63,0.0,SAME,False,False,False,False,False,True,
K00013596-BMG23-L1N2D1-E-K0KK-02150780.wav,8,감독님이 리프팅을 알려줬다,감독님이 리프팅을 알려졌다,감독님이 리프팅을 알려주셨다,"{""corrected_text"": ""감독님이 리프팅을 알려주셨다""}",감독님이리프팅을알려줬다,감독님이리프팅을알려졌다,감독님이리프팅을알려주셨다,8.33,16.67,-8.33,WORSE,True,False,False,False,False,True,
K00013970-BMG30-L1N2D1-E-K0KK-02102972.wav,10,타무즈를 죽이라고 명령했다,팔머 즈를 죽이려고,팔머즈를 죽이려고,"{""corrected_text"": ""팔머즈를 죽이려고""}",타무즈를죽이라고명령했다,팔머즈를죽이려고,팔머즈를죽이려고,58.33,58.33,0.0,SAME,False,False,False,False,False,True,
K00014483-BMG20-L1N2D4-E-K0KK-01997108.wav,7,산책을 마친 우리는 아침을 먹고 공부를 했다,산책을 마치는 우리는 아침을 먹고 공부를 했다,산책을 마친 우리는 아침을 먹고 공부를 했다,"{""corrected_text"": ""산책을 마친 우리는 아침을 먹고 공부를 했다""}",산책을마친우리는아침을먹고공부를했다,산책을마치는우리는아침을먹고공부를했다,산책을마친우리는아침을먹고공부를했다,11.11,0.0,11.11,IMPROVED,True,False,True,True,False,True,
K00013596-BMG23-L1N2D1-E-K0KK-02150870.wav,8,그래서 집에 와서 아빠한테 물어봤다,그래서 집에 와서 아빠한테 물어봤다,그래서 집에 가서 아빠한테 물어봤다,"{""corrected_text"": ""그래서 집에 가서 아빠한테 물어봤다""}",그래서집에와서아빠한테물어봤다,그래서집에와서아빠한테물어봤다,그래서집에가서아빠한테물어봤다,0.0,6.67,-6.67,WORSE,True,True,False,False,True,True,
K00013595-BMG20-L1N2D2-E-K0KK-04106085.wav,9,반으로 가르면 드러나는.,반으로 가르 면 드러나는,반으로 가르면 드러난다,"{""corrected_text"": ""반으로 가르면 드러난다""}",반으로가르면드러나는,반으로가르면드러나는,반으로가르면드러난다,0.0,20.0,-20.0,WORSE,True,True,False,False,True,True,
K00013585-BFG23-L1N2D1-E-K0KK-01725397.wav,9,그런 이모에게 엄마는 종종 화를 냈다.,그러니 이모에게 엄마는 종종 화를 냈다,이모에게 엄마는 종종 화를 내었다,"{""corrected_text"": ""이모에게 엄마는 종종 화를 내었다""}",그런이모에게엄마는종종화를냈다,그러니이모에게엄마는종종화를냈다,이모에게엄마는종종화를내었다,13.33,26.67,-13.33,WORSE,True,False,False,False,False,True,
K00013596-BMG23-L1N2D1-E-K0KK-02150899.wav,8,오늘은 릴레이 게임을 했다,오늘은 릴레이 게임을 해 왔다,오늘은 릴레이 게임을 해왔다,"{""corrected_text"": ""오늘은 릴레이 게임을 해왔다""}",오늘은릴레이게임을했다,오늘은릴레이게임을해왔다,오늘은릴레이게임을해왔다,18.18,18.18,0.0,SAME,False,False,False,False,False,True,
K00013596-BMG23-L1N2D1-E-K0KK-02150883.wav,8,한손으로 옆돌기를 쉽게 성공했다,한 소녀의 옆자리를 쉽게 성공해 따,한 소녀의 옆자리를 쉽게 따,"{""corrected_text"": ""한 소녀의 옆자리를 쉽게 따""}",한손으로옆돌기를쉽게성공했다,한소녀의옆자리를쉽게성공해따,한소녀의옆자리를쉽게따,50.0,64.29,-14.29,WORSE,True,False,False,False,False,True,
K00014483-BMG20-L1N2D4-E-K0KK-01996016.wav,7,형은 작은 물고기 네 마리를 잡았다,향한 작은 물고기 4마리를 잡았다,향한 작은 물고기 4마리를 잡았다,"{""corrected_text"": ""향한 작은 물고기 4마리를 잡았다""}",형은작은물고기네마리를잡았다,향한작은물고기4마리를잡았다,향한작은물고기4마리를잡았다,21.43,21.43,0.0,SAME,False,False,False,False,False,True,
K00013970-BMG30-L1N2D1-E-K0KK-02103902.wav,10,누나들은 더 이상 설명해주기가 귀찮았는지 일단 게임을 해보라고 재촉을했다,음악을 더 이상 설명 해 주기가 귀찮았는지 일단 게임을 해 보라고 지쳐 버렸다,음악을 더 이상 설명 해 주기가 귀찮았는지 일단 게임을 해 보라고 지쳐 버렸다,"{""corrected_text"": ""음악을 더 이상 설명 해 주기가 귀찮았는지 일단 게임을 해 보라고 지쳐 버렸다""}",누나들은더이상설명해주기가귀찮았는지일단게임을해보라고재촉을했다,음악을더이상설명해주기가귀찮았는지일단게임을해보라고지쳐버렸다,음악을더이상설명해주기가귀찮았는지일단게임을해보라고지쳐버렸다,25.0,25.0,0.0,SAME,False,False,False,False,False,True,
K00014483-BMG20-L1N2D4-E-K0KK-01997881.wav,7,점심을 맛있게 먹은 뒤 꽃다발을 들고 우리는 누나 입학식에 갔다,점심을 맛있게 먹은 뒤 꽃다발을 들고 우리는 루나 입학식에 갔다,점심을 맛있게 먹은 뒤 꽃다발을 들고 우리는 루나 입학식에 갔습니다.,"{""corrected_text"": ""점심을 맛있게 먹은 뒤 꽃다발을 들고 우리는 루나 입학식에 갔습니다.""}",점심을맛있게먹은뒤꽃다발을들고우리는누나입학식에갔다,점심을맛있게먹은뒤꽃다발을들고우리는루나입학식에갔다,점심을맛있게먹은뒤꽃다발을들고우리는루나입학식에갔습니다,3.85,11.54,-7.69,WORSE,True,False,False,False,False,True,
K00014483-BMG20-L1N2D1-E-K0KK-02108019.wav,7,엄마도 이 집 크로켓이 제일 맛있다고 하셨다,나도 이제 그렇게 시 제일 맛있다고 하셨다,나도 이제 그렇게 맛있다고 하셨다,"{""corrected_text"": ""나도 이제 그렇게 맛있다고 하셨다""}",엄마도이집크로켓이제일맛있다고하셨다,나도이제그렇게시제일맛있다고하셨다,나도이제그렇게맛있다고하셨다,38.89,50.0,-11.11,WORSE,True,False,False,False,False,True,
K00014483-BMG20-L1N2D1-E-K0KK-02056291.wav,7,할머니네 시장엔 먹을 것 구경할 것이 참 많다,할머니네 시장에 먹을 것 구경할것이 참 많다,할머니네 시장에 먹을 것 구경할 것들이 참 많다,"{""corrected_text"": ""할머니네 시장에 먹을 것 구경할 것들이 참 많다""}",할머니네시장엔먹을것구경할것이참많다,할머니네시장에먹을것구경할것이참많다,할머니네시장에먹을것구경할것들이참많다,5.56,11.11,-5.56,WORSE,True,False,False,False,False,True,
K00014483-BMG20-L1N2D4-E-K0KK-01997959.wav,7,누나는 중학생이 되어 설레도 떨린다고 했다,나는 중학생이 되어 설레고 떨린다 고 한다,나는 중학생이 되어 설레고 떨린다.,"{""corrected_text"": ""나는 중학생이 되어 설레고 떨린다. ""}",누나는중학생이되어설레도떨린다고했다,나는중학생이되어설레고떨린다고한다,나는중학생이되어설레고떨린다,16.67,27.78,-11.11,WORSE,True,False,False,False,False,True,
K00014483-BMG20-L1N2D1-E-K0KK-02107681.wav,7,"난 가지고 싶었던 게임기를 얻지 못하여 온종일 울상이었다,",난 가지고 싶었던 게임기를 얻지 못하여운 종이롤 상이었다,난 가지고 싶었던 게임기를 얻지 못하여 운이 좋게 상이었다,"{""corrected_text"": ""난 가지고 싶었던 게임기를 얻지 못하여 운이 좋게 상이었다""}",난가지고싶었던게임기를얻지못하여온종일울상이었다,난가지고싶었던게임기를얻지못하여운종이롤상이었다,난가지고싶었던게임기를얻지못하여운이좋게상이었다,12.5,16.67,-4.17,WORSE,True,False,False,False,False,True,
K00013970-BMG30-L1N2D4-E-K0KK-02221498.wav,10,우리 이제 나가서 공연을 한번 해볼까?,우리 이제 나가서 공연을 한번 해볼까,우리 이제 나가서 공연을 한번 해볼까요?,"{""corrected_text"": ""우리 이제 나가서 공연을 한번 해볼까요?""}",우리이제나가서공연을한번해볼까,우리이제나가서공연을한번해볼까,우리이제나가서공연을한번해볼까요,0.0,6.67,-6.67,WORSE,True,True,False,False,True,True,
K00013595-BMG20-L1N2D2-E-K0KK-04048518.wav,9,정말 너무 맛있어.,정말 너무 맛있어,정말 너무 맛있어요,"{""corrected_text"": ""정말 너무 맛있어요""}",정말너무맛있어,정말너무맛있어,정말너무맛있어요,0.0,14.29,-14.29,WORSE,True,True,False,False,True,True,
K00013970-BMG30-L1N2D4-E-K0KK-02071195.wav,10,화가는 바다를 그렸는데 바다는 매일 달랐다,허가 난 바다라 그랬는데 바다는 매일 달랐다,허가 난 바다라 그랬는데 바다는 매일 다랐다,"{""corrected_text"": ""허가 난 바다라 그랬는데 바다는 매일 다랐다""}",화가는바다를그렸는데바다는매일달랐다,허가난바다라그랬는데바다는매일달랐다,허가난바다라그랬는데바다는매일다랐다,22.22,27.78,-5.56,WORSE,True,False,False,False,False,True,
K00013596-BMG23-L1N2D1-E-K0KK-02150826.wav,8,너무 긴장이 되고 떨렸다,너무 긴장이 되고 떨렸다,너무 긴장이 되고 떨렸다,"{""corrected_text"": ""너무 긴장이 되고 떨렸다""}",너무긴장이되고떨렸다,너무긴장이되고떨렸다,너무긴장이되고떨렸다,0.0,0.0,0.0,SAME,False,True,True,False,False,True,
K00013915-BFG20-L1N2D1-E-K0KK-02146841.wav,8,오늘은 할머니 집에 온지 이틀이 되었다.,오늘은 할머니 집에 온 지 이틀이 되었다,오늘은 할머니 집에 온 지 이틀째이다,"{""corrected_text"": ""오늘은 할머니 집에 온 지 이틀째이다""}",오늘은할머니집에온지이틀이되었다,오늘은할머니집에온지이틀이되었다,오늘은할머니집에온지이틀째이다,0.0,18.75,-18.75,WORSE,True,True,False,False,True,True,
K00013595-BMG20-L1N2D2-E-K0KK-03826847.wav,9,귀여운 강아지 접고,귀여운강아지 접고,귀여운 강아지,"{""corrected_text"": ""귀여운 강아지""}",귀여운강아지접고,귀여운강아지접고,귀여운강아지,0.0,25.0,-25.0,WORSE,True,True,False,False,True,True,
K00013724-BFG30-L1N2D4-E-K0KK-02152594.wav,10,산소에 풀이랑 벌레가 너무 많았다.,감소 애플이랑 벌레가 너무 많아,감소 애플이랑 벌레가 너무 많아,"{""corrected_text"": ""감소 애플이랑 벌레가 너무 많아""}",산소에풀이랑벌레가너무많았다,감소애플이랑벌레가너무많아,감소애플이랑벌레가너무많아,35.71,35.71,0.0,SAME,False,False,False,False,False,True,
K00013595-BMG20-L1N2D2-E-K0KK-04093223.wav,9,나와 함께해 주렴.,나와 함께 출연,나와 함께 출연합니다,"{""corrected_text"": ""나와 함께 출연합니다""}",나와함께해주렴,나와함께출연,나와함께출연합니다,42.86,71.43,-28.57,WORSE,True,False,False,False,False,True,
K00013595-BMG20-L1N2D2-E-K0KK-04103598.wav,9,마음이 행복해지곤 하니.,마음이 행복해지는 하니,마음이 행복해지는 것 같아,"{""corrected_text"": ""마음이 행복해지는 것 같아""}",마음이행복해지곤하니,마음이행복해지는하니,마음이행복해지는것같아,10.0,40.0,-30.0,WORSE,True,False,False,False,False,True,
K00013724-BFG30-L1N2D4-E-K0KK-02114055.wav,10,학원 차에 타고 학원으로 가고 있었다.,학원 차에 타고 학원으로 가고 있었다,학원 차에 타고 학원으로 가고 있었다,"{""corrected_text"": ""학원 차에 타고 학원으로 가고 있었다""}",학원차에타고학원으로가고있었다,학원차에타고학원으로가고있었다,학원차에타고학원으로가고있었다,0.0,0.0,0.0,SAME,False,True,True,False,False,True,
K00014723-BMG20-L1N2D4-E-K0KK-01994558.wav,9,나무 다리 옆에 오토바이를 멈추고 풍경을 촬영했다.,나무다리 옆에 오토바이를 멈추고 풍경을 촬영했다,나무다리 옆에 오토바이(오토바이를 오토바이로 수정)를 멈추고 풍경을 촬영했다,"{""corrected_text"": ""나무다리 옆에 오토바이(오토바이를 오토바이로 수정)를 멈추고 풍경을 촬영했다""}",나무다리옆에오토바이를멈추고풍경을촬영했다,나무다리옆에오토바이를멈추고풍경을촬영했다,나무다리옆에오토바이오토바이를오토바이로수정를멈추고풍경을촬영했다,0.0,57.14,-57.14,WORSE,True,True,False,False,True,True,
K00013595-BMG20-L1N2D2-E-K0KK-04235194.wav,9,까맣고 동그란 옷에,까맣고 동그란 오뎅,까맣고 둥근 오뎅,"{""corrected_text"": ""까맣고 둥근 오뎅""}",까맣고동그란옷에,까맣고동그란오뎅,까맣고둥근오뎅,25.0,62.5,-37.5,WORSE,True,False,False,False,False,True,
K00013596-BMG23-L1N2D1-E-K0KK-02150942.wav,8,오늘은 새로운 의자가 배달왔다,오늘은 새로운 의자가 배달 왔다,오늘은 새로운 의자가 배송 왔다,"{""corrected_text"": ""오늘은 새로운 의자가 배송 왔다""}",오늘은새로운의자가배달왔다,오늘은새로운의자가배달왔다,오늘은새로운의자가배송왔다,0.0,7.69,-7.69,WORSE,True,True,False,False,True,True,
K00014483-BMG20-L1N2D1-E-K0KK-02153791.wav,7,노란색 조각 빨간색 조각,노란색 초급 빨간색 조각,"노란색 초급, 빨간색 조각","{""corrected_text"": ""노란색 초급, 빨간색 조각""}",노란색조각빨간색조각,노란색초급빨간색조각,노란색초급빨간색조각,20.0,20.0,0.0,SAME,False,False,False,False,False,True,
K00013915-BFG20-L1N2D3-E-K0KK-02079102.wav,8,내 생각에 '그냥 NN' 책에서 주인공 NN는 정말 착한 아이같다.,내 생각에 그냥 의미에서 주인공은 뮌헨 정말 착한 아이다,내 생각에 그냥 의미에서 주인공은 뮌헨 정말 착한 아이다,"{""corrected_text"": ""내 생각에 그냥 의미에서 주인공은 뮌헨 정말 착한 아이다""}",내생각에그냥nn책에서주인공nn는정말착한아이같다,내생각에그냥의미에서주인공은뮌헨정말착한아이다,내생각에그냥의미에서주인공은뮌헨정말착한아이다,28.0,28.0,0.0,SAME,False,False,False,False,False,True,
K00014483-BMG20-L1N2D1-E-K0KK-02058740.wav,7,아빠는 우리에게 멋진 축구공과 보드게임을 사주셨다,아빠는 우리에게 멋진 축구공과 보드게임을 사 주셨다,아빠는 우리에게 멋진 축구공과 보드 게임을 사 주셨다,"{""corrected_text"": ""아빠는 우리에게 멋진 축구공과 보드 게임을 사 주셨다""}",아빠는우리에게멋진축구공과보드게임을사주셨다,아빠는우리에게멋진축구공과보드게임을사주셨다,아빠는우리에게멋진축구공과보드게임을사주셨다,0.0,0.0,0.0,SAME,False,True,True,False,False,True,
K00013595-BMG20-L1N2D2-E-K0KK-03827543.wav,9,자랑할 거야.,자랑할 거야,자랑할 거야,"{""corrected_text"": ""자랑할 거야""}",자랑할거야,자랑할거야,자랑할거야,0.0,0.0,0.0,SAME,False,True,True,False,False,True,
K00013970-BMG30-L1N2D1-E-K0KK-02103534.wav,10,오늘 읽은 책은 어린왕자라는 책이다,오늘 읽은 책은 어린 왕자라는 책이다,오늘 읽은 책은 어린 왕자입니다.,"{""corrected_text"": ""오늘 읽은 책은 어린 왕자입니다.""}",오늘읽은책은어린왕자라는책이다,오늘읽은책은어린왕자라는책이다,오늘읽은책은어린왕자입니다,0.0,26.67,-26.67,WORSE,True,True,False,False,True,True,
K00013585-BFG23-L1N2D1-E-K0KK-01725531.wav,9,"관제탑도 없지만, 하늘을 날아 추억의 그곳으로 여행 갑니다",관세청 덥지만 하늘을 날아 추억의 이것으로 여행갑니다,관세청 뒤쪽으로 하늘을 날아 추억의 여행갑니다,"{""corrected_text"": ""관세청 뒤쪽으로 하늘을 날아 추억의 여행갑니다""}",관제탑도없지만하늘을날아추억의그곳으로여행갑니다,관세청덥지만하늘을날아추억의이것으로여행갑니다,관세청뒤쪽으로하늘을날아추억의여행갑니다,25.0,41.67,-16.67,WORSE,True,False,False,False,False,True,
K00013597-BFG20-L1N2D1-E-K0KK-01884638.wav,9,눈에 안약을 넣고,눈에 안약을 넣고,눈에 안약을 넣고,"{""corrected_text"": ""눈에 안약을 넣고""}",눈에안약을넣고,눈에안약을넣고,눈에안약을넣고,0.0,0.0,0.0,SAME,False,True,True,False,False,True,
K00013724-BFG30-L1N2D4-E-K0KK-02152487.wav,10,평소에 조금 더 이를 잘 닦을 걸 그랬다.,평소에 조금 더 일을 잘 닦을 거 그랬다,평소에 조금 더 일을 잘 닦았을 거 그랬다,"{""corrected_text"": ""평소에 조금 더 일을 잘 닦았을 거 그랬다""}",평소에조금더이를잘닦을걸그랬다,평소에조금더일을잘닦을거그랬다,평소에조금더일을잘닦았을거그랬다,20.0,26.67,-6.67,WORSE,True,False,False,False,False,True,
K00013596-BMG23-L1N2D1-E-K0KK-02150784.wav,8,형들과 달리기를 했는데 정말 재밌었다,형제가 달리기를 했는데 정말 재미있었다,형제가 달리기를 했는데 정말 재미있었습니다.,"{""corrected_text"": ""형제가 달리기를 했는데 정말 재미있었습니다.""}",형들과달리기를했는데정말재밌었다,형제가달리기를했는데정말재미있었다,형제가달리기를했는데정말재미있었습니다,25.0,37.5,-12.5,WORSE,True,False,False,False,False,True,
