index,filename,age,reference,whisper_text,raw_errors,raw_ref_chars,raw_cer,normalized_errors,normalized_ref_chars,normalized_cer,exact_match,semantic_score,semantic_label,audio_duration_sec,whisper_latency_sec,rtf,model
1,K00013915-BFG20-L1N2D3-E-K0KK-02078702.wav,8,왜냐하면 등에 수박씨만한 점들이 다섯 개 있었기 때문이다.,왜냐하면 등에 수박씨만한 점들이 다섯 개 있었기 때문이다,1,32,0.031250,0,24,0.000000,True,0.998473,MATCH,8.448,4.151,0.491,turbo
2,K00014483-BMG20-L1N2D4-E-K0KK-01996052.wav,7,우리는 잡은 물고기를 들고 집으로 돌아왔다,곤이는 잡은 물고기를 들고 집으로 돌아왔다,2,23,0.086957,2,18,0.111111,False,0.808966,REVIEW,6.016,3.731,0.620,turbo
3,K00013597-BFG20-L1N2D1-E-K0KK-01920365.wav,9,노란색 티를 입고,노란 새끼를 입고,3,9,0.333333,2,7,0.285714,False,0.631516,MISMATCH,4.096,3.752,0.916,turbo
4,K00013970-BMG30-L1N2D1-E-K0KK-02104028.wav,10,난 평소와 같이 책을 읽으러 도서관에 갔다.,남평사같이 책을 읽으러 도성관에 같아,9,24,0.375000,6,17,0.352941,False,0.450999,MISMATCH,4.800,3.962,0.825,turbo
5,K00013597-BFG20-L1N2D1-E-K0KK-01920094.wav,9,미래에서 온 코난을 보다,미래에서 온 코난을 보다,0,13,0.000000,0,10,0.000000,True,1.000000,MATCH,5.632,3.603,0.640,turbo
6,K00014483-BMG20-L1N2D1-E-K0KK-02059185.wav,7,오늘은 누나가 머리카락을 자르고 왔다,오늘은 누나가 머리카락을 자르고 왔다,0,20,0.000000,0,16,0.000000,True,1.000000,MATCH,5.888,3.731,0.634,turbo
7,K00013597-BFG20-L1N2D1-E-K0KK-01809435.wav,9,흰색 털을 가지고 있는 야옹이,흰색 털을 가지고 있는 야옹이,0,16,0.000000,0,12,0.000000,True,1.000000,MATCH,4.608,3.769,0.818,turbo
8,K00013596-BMG23-L1N2D1-E-K0KK-02150880.wav,8,놀이터에서 그네를 타고 신나게 놀았다,놀이터에서 그늘을 타고 신나게 놀았다,2,20,0.100000,2,16,0.125000,False,0.856693,MATCH,6.144,3.760,0.612,turbo
9,K00014723-BMG20-L1N2D4-E-K0KK-02174131.wav,9,미국에 있을때 초등학생들에게 아주 인기가 있었던 게임이다.,미국에 있을 때 초등학생들에게 아주 인기가 있었던 게임이다,2,32,0.062500,0,25,0.000000,True,0.997749,MATCH,8.064,3.798,0.471,turbo
10,K00013596-BMG23-L1N2D1-E-K0KK-02150789.wav,8,내가 다른 친구들을 부활시켜 줬다,내가 다른 친구들을 부활시켜줬다,1,18,0.055556,0,14,0.000000,True,0.998262,MATCH,6.144,3.896,0.634,turbo
11,K00013585-BFG23-L1N2D2-E-K0KK-01852631.wav,9,한 마리로는 모두 배부르게 먹지 못한다고 하셨다.,한 마리로는 모두 배부르게 먹지 못한다고 하셨다,1,27,0.037037,0,20,0.000000,True,0.995180,MATCH,5.120,4.703,0.919,turbo
12,K00013724-BFG30-L1N2D4-E-K0KK-02117328.wav,10,우리는 결국 지각 일 분 전인 사십구분에 반에 도착했다.,우리는 결국 지각 일분 전인 사십구 분에 반에 도착했다,3,31,0.096774,0,22,0.000000,True,0.987665,MATCH,5.888,3.867,0.657,turbo
13,K00013970-BMG30-L1N2D4-E-K0KK-02069479.wav,10,많은 사람들을 발견했다,많은 사람들을 발견했다,0,12,0.000000,0,10,0.000000,True,1.000000,MATCH,4.224,3.715,0.880,turbo
14,K00014483-BMG20-L1N2D1-E-K0KK-02056300.wav,7,할머니가 핫바와 타코야키를 사주셨다,할머니가 아빠와 타쿠야키를 사주셨다,3,19,0.157895,3,16,0.187500,False,0.663635,MISMATCH,6.848,3.843,0.561,turbo
15,K00013596-BMG23-L1N2D1-E-K0KK-02150839.wav,8,치과에 도착하니 이상하게 안아팠다,치과에 도착하니 이상하게 안 아팠다,1,18,0.055556,0,15,0.000000,True,0.769351,REVIEW,5.632,3.809,0.676,turbo
16,K00013724-BFG30-L1N2D4-E-K0KK-02152481.wav,10,우리 가족은 거기 단골 손님이다.,우리 가족은 거기 단골손님이다,2,18,0.111111,0,13,0.000000,True,0.969700,MATCH,4.224,3.720,0.881,turbo
17,K00014483-BMG20-L1N2D1-E-K0KK-02109253.wav,7,할머니와 할아버지가 우리를 반겨 주셨다.,할머니와 할아버지가 우리를 반겨 주셨다,1,22,0.045455,0,17,0.000000,True,0.998342,MATCH,10.432,3.780,0.362,turbo
18,K00013915-BFG20-L1N2D3-E-K0KK-02078919.wav,8,하루에 두 통을 혼자서 다 먹었다.,하루에 두통을 혼내서 다 먹었다,3,19,0.157895,1,13,0.076923,False,0.695170,MISMATCH,6.528,3.847,0.589,turbo
19,K00014483-BMG20-L1N2D1-E-K0KK-02153297.wav,7,바람이 너무 강해서 우산이 그만 망가졌다.,빛바람이 너무 강해서 우선이 그만 망가졌다,3,23,0.130435,2,17,0.117647,False,0.756816,REVIEW,7.104,3.873,0.545,turbo
20,K00013915-BFG20-L1N2D3-E-K0KK-02078974.wav,8,하지만 그러면 배가 터져버릴 지도 모르니 그럴 수는 없다.,하지만 그러면 배가 터져버릴지도 모르니 그럴 수는 없다,2,32,0.062500,0,23,0.000000,True,0.996028,MATCH,7.296,3.735,0.512,turbo
21,K00014483-BMG20-L1N2D1-E-K0KK-02107981.wav,7,난 보통 쉬는 시간에 친구들과 수다를 떨면서 논다.,난 보통 쉬는 시간에 친구들과 소다를 따면서 논다,3,28,0.107143,2,20,0.100000,False,0.772520,REVIEW,8.320,3.999,0.481,turbo
22,K00013970-BMG30-L1N2D1-E-K0KK-02103755.wav,10,나에게 있어서 가장 소중한 것은 가족이라고 생각한다,나에게 있어서 가장 소중한 곳은 가족이라고 생각한다,1,28,0.035714,1,22,0.045455,False,0.993345,MATCH,5.696,3.664,0.643,turbo
23,K00014483-BMG20-L1N2D1-E-K0KK-02107557.wav,7,친구는 새로 산 토끼 장난감을 보여주었다.,친구는 새로 산 토끼 장난감을 보여 주었다,2,23,0.086957,0,17,0.000000,True,0.997635,MATCH,6.656,3.681,0.553,turbo
24,K00013596-BMG23-L1N2D1-E-K0KK-02150958.wav,8,새로운 너프건도 사주셨다,새로운 납부건도 사주셨다,2,13,0.153846,2,11,0.181818,False,0.535229,MISMATCH,4.096,4.199,1.025,turbo
25,K00013724-BFG30-L1N2D4-E-K0KK-02152626.wav,10,내 생각에는 사람들이 많이 올 줄 알았지만 생각보다 적게 왔다.,내 상가게는 사람들이 많이 올 줄 알았지만 생각보다 적게 왔다,4,35,0.114286,3,25,0.120000,False,0.839937,REVIEW,5.888,4.811,0.817,turbo
26,K00013915-BFG20-L1N2D1-E-K0KK-02146994.wav,8,오늘은 공부가 엄청 쉽게 끝났다.,오늘은 공부가 엄청 쉽게 끝났다,1,18,0.055556,0,13,0.000000,True,0.996740,MATCH,7.168,4.224,0.589,turbo
27,K00013915-BFG20-L1N2D3-E-K0KK-02078171.wav,8,그 중에서 고로케가 제일 맛있었다.,그 중에서 고로케가 제일 맛있었다,1,19,0.052632,0,14,0.000000,True,0.998033,MATCH,6.400,4.515,0.706,turbo
28,K00013596-BMG23-L1N2D1-E-K0KK-02150896.wav,8,다음에 또 하면 잘 할 수 있을 것 같다,남을 또 하면 잘할 수 있을 거 같다,5,22,0.227273,4,14,0.285714,False,0.757929,REVIEW,5.632,3.806,0.676,turbo
29,K00013595-BMG20-L1N2D2-E-K0KK-04108659.wav,9,애기고구마도 나오고,이기 고구마도 나오고,2,10,0.200000,1,9,0.111111,False,0.587466,MISMATCH,7.168,3.721,0.519,turbo
30,K00013595-BMG20-L1N2D2-E-K0KK-04237368.wav,9,얼른 집으로 가렴.,얼른 집으로 가렴,1,10,0.100000,0,7,0.000000,True,0.993911,MATCH,6.144,3.778,0.615,turbo
31,K00014483-BMG20-L1N2D1-E-K0KK-02059037.wav,7,가족들은 모두 모여 식사를 하시며 할머니의 어버이날을 축하하셨다,가족들은 모두 모여 식사를 하시며 할머니의 어버이날을 축하하셨다,0,35,0.000000,0,28,0.000000,True,1.000000,MATCH,9.024,3.990,0.442,turbo
32,K00013970-BMG30-L1N2D4-E-K0KK-02159138.wav,10,엄마는 누나가 청소를 하는게 믿기지 않는 모양이다.,엄마는 누나가 청소를 하는 게 믿기지 않는 모양이다,2,28,0.071429,0,21,0.000000,True,0.995652,MATCH,6.272,3.876,0.618,turbo
33,K00013970-BMG30-L1N2D1-E-K0KK-02103715.wav,10,그렇게 울고 있는 왕자에게 여우가 나타난다,그렇게 울고 있는 왕자에게 여우가 나타난다,0,23,0.000000,0,18,0.000000,True,1.000000,MATCH,5.504,3.788,0.688,turbo
34,K00013585-BFG23-L1N2D1-E-K0KK-01700347.wav,9,자꾸 방에 못 들어오게 해서 미안하고 맨날 짜증 내서 미안해.,자꾸 방에 못 들어오게 해서 미안하고 맨날 짜증나서 미안해,3,34,0.088235,1,24,0.041667,False,0.993215,MATCH,7.296,3.957,0.542,turbo
35,K00013585-BFG23-L1N2D2-E-K0KK-01853965.wav,9,그래도 한동안은 엄마와 함께 집 근처 하천에서 달리기 연습도 하였다.,그래도 한동안은 엄마와 함께 집 근처 화천에서 달리기 연습도 하였다,2,38,0.052632,1,28,0.035714,False,0.872149,MATCH,6.144,4.008,0.652,turbo
36,K00013724-BFG30-L1N2D4-E-K0KK-02114845.wav,10,벌레가 윙윙거리며 날아다녀서 징그럽고 조금 무서웠다.,벌레가 윙윙거림에 날아내면서 징그럽고 조금 무서웠다,5,29,0.172414,4,23,0.173913,False,0.985803,MATCH,5.760,3.909,0.679,turbo
37,K00013970-BMG30-L1N2D1-E-K0KK-02103396.wav,10,한편으로 나무가 불쌍했던 이유는,한편으로 나무가 불쌍했던 이유는,0,17,0.000000,0,14,0.000000,True,1.000000,MATCH,3.776,3.836,1.016,turbo
38,K00013595-BMG20-L1N2D2-E-K0KK-04109990.wav,9,물리면 큰일이니까.,물리면 큰일이니까.,0,10,0.000000,0,8,0.000000,True,1.000000,MATCH,7.168,3.769,0.526,turbo
39,K00014483-BMG20-L1N2D1-E-K0KK-02066526.wav,7,다음부터는 시험 시간에 딴짓을 하지 않고 열심히 해야겠다.,다음부터는 시험 시간에 딴지를 하지 않고 열심히 해야겠다,3,32,0.093750,2,24,0.083333,False,0.951736,MATCH,7.936,3.912,0.493,turbo
40,K00014483-BMG20-L1N2D1-E-K0KK-02109188.wav,7,구름 같은 솜사탕을 맛있게 먹었다.,구름 같은 흰사탕을 맛있게 먹었다,2,19,0.105263,1,14,0.071429,False,0.842130,REVIEW,4.608,3.857,0.837,turbo
41,K00014483-BMG20-L1N2D1-E-K0KK-02107004.wav,7,자는 아기가 너무 이뻐서 사진을 찍었다.,저는 아기가 너무 이뻐서 사진을 찍었다,2,22,0.090909,1,16,0.062500,False,0.770476,REVIEW,6.592,3.788,0.575,turbo
42,K00013596-BMG23-L1N2D1-E-K0KK-02150861.wav,8,무용실에 들어가서 준비운동을 했다,무용실에 들어가서 준비 운동을 했다,1,18,0.055556,0,15,0.000000,True,0.986582,MATCH,5.120,3.626,0.708,turbo
43,K00013915-BFG20-L1N2D3-E-K0KK-02077926.wav,8,그런데 정말 시원했다.,그런데 정말 시원했다,1,12,0.083333,0,9,0.000000,True,0.996151,MATCH,4.736,3.804,0.803,turbo
44,K00013596-BMG23-L1N2D1-E-K0KK-02150771.wav,8,현무암이라는 돌을 바다에서 주웠다,산마음이라는 돌을 바다에서 주었다,4,18,0.222222,4,15,0.266667,False,0.694455,MISMATCH,5.632,3.845,0.683,turbo
45,K00013970-BMG30-L1N2D1-E-K0KK-02103142.wav,10,이유는 타무즈가 '초록의 신'이라고 불렀다,이혜유는 탕호주가 초록의 신이라고 불렀다,6,23,0.260870,4,17,0.235294,False,0.711535,REVIEW,5.504,3.873,0.704,turbo
46,K00013596-BMG23-L1N2D1-E-K0KK-02150893.wav,8,집에 와서 생각해보니 너무 아쉽고 후회됐다,집에 와서 생각해 보니 너무 쉽고 후회됐다,2,23,0.086957,1,18,0.055556,False,0.851503,MATCH,6.144,3.848,0.626,turbo
47,K00013724-BFG30-L1N2D4-E-K0KK-02152494.wav,10,나는 치과에서 충치를 치료하는 것 보다 이를 빼는게 더 무섭다.,나는 치과에서 충치를 치료하는 것보다 이를 빼는 게 더 무섭다,3,35,0.085714,0,25,0.000000,True,0.995936,MATCH,6.144,3.829,0.623,turbo
48,K00013970-BMG30-L1N2D4-E-K0KK-02070001.wav,10,아저씨에게는 이 생각들이 전부 소중했지만,아저씨에게는 이 생각들이 전부 소중했지만,0,22,0.000000,0,18,0.000000,True,1.000000,MATCH,5.504,3.834,0.697,turbo
49,K00013970-BMG30-L1N2D4-E-K0KK-02068226.wav,10,표지판은 닦아놓았나 싶을정도로 금방 더러워지는데,표지판을 닦아 놓았나 싶을 정도로 금방 더러워지는데,3,26,0.115385,1,22,0.045455,False,0.982752,MATCH,6.144,3.904,0.635,turbo
50,K00013585-BFG23-L1N2D1-E-K0KK-01700976.wav,9,우리는 고작 이박삼일 캠핑에도 짐이 이렇게 많은데 말이다.,우리는 고작 이박삼을 캠핑해도 짐이 이렇게 많은데 말이다,3,32,0.093750,2,24,0.083333,False,0.912622,MATCH,7.104,3.760,0.529,turbo
51,K00013585-BFG23-L1N2D1-E-K0KK-01725481.wav,9,바람에 휘이익 새처럼 나는 깜장 비닐봉지,바람에 휘익 새처럼 나는 깜짝 기늘 봉지,5,22,0.227273,4,17,0.235294,False,0.835353,REVIEW,10.112,3.757,0.371,turbo
52,K00014483-BMG20-L1N2D4-E-K0KK-01851419.wav,7,형은 뽑은 무와 쪽파를 마당으로 옮겼다,청왕 뽑은 무와 쪽파를 마당으로 옮겼다,2,21,0.095238,2,16,0.125000,False,0.840559,REVIEW,6.144,3.923,0.638,turbo
53,K00013595-BMG20-L1N2D2-E-K0KK-04245996.wav,9,달콤함은 노래를 부르고,달콤함은 노래를 부르고,0,12,0.000000,0,10,0.000000,True,1.000000,MATCH,6.144,3.840,0.625,turbo
54,K00013970-BMG30-L1N2D4-E-K0KK-02069521.wav,10,어느날은 방송프로그램에 카메라와 기자까지 취재를 왔다,어느 날은 방송 프로그램에 카메라와 기자까지 취재를 왔다,2,29,0.068966,0,24,0.000000,True,0.991465,MATCH,7.552,3.891,0.515,turbo
55,K00014483-BMG20-L1N2D1-E-K0KK-02061489.wav,7,짐 정리가 끝나자 라면을 끓여 간식으로 먹었다,찜 정리가 끝나던 라면을 끓여 간식으로 먹었다,2,25,0.080000,2,19,0.105263,False,0.922319,MATCH,6.912,3.920,0.567,turbo
56,K00013596-BMG23-L1N2D1-E-K0KK-02150782.wav,8,오늘은 농구장에서 축구를 했다,오늘은 농구장에서 축구를 했다,0,16,0.000000,0,13,0.000000,True,1.000000,MATCH,5.632,3.623,0.643,turbo
57,K00014483-BMG20-L1N2D1-E-K0KK-02065371.wav,7,우린 저녁을 먹고 텐트에 들어가 영화도 보고 게임도 했다,우린 저녁을 먹고 텐트에 들어갈 영화도 보고 게임도 했다,1,31,0.032258,1,23,0.043478,False,0.983160,MATCH,9.024,3.965,0.439,turbo
58,K00013724-BFG30-L1N2D4-E-K0KK-02118426.wav,10,다음에는 지하철역에 있는 중고 서점에 가서 소설책 두 권을 샀다.,다음에는 지하철 역에 있는 중구서점에 가서 소설책 두 권을 샀다,4,36,0.111111,1,26,0.038462,False,0.865059,MATCH,5.888,3.995,0.679,turbo
59,K00013970-BMG30-L1N2D4-E-K0KK-02222592.wav,10,난 아이스크림을 떨군 내 자신이 너무 불쌍했다.,난 아이스크림을 떨군 내 자신이 너무 불쌍했다,1,26,0.038462,0,19,0.000000,True,0.998532,MATCH,5.376,3.907,0.727,turbo
60,K00014483-BMG20-L1N2D1-E-K0KK-02154069.wav,7,설마 내가 씻고 오는 동안 먹는 건 아니겠지?,설마 내가 씻고 오는 동안 먹는 건 아니겠지,1,25,0.040000,0,17,0.000000,True,0.992906,MATCH,6.144,3.839,0.625,turbo
61,K00014483-BMG20-L1N2D1-E-K0KK-02153140.wav,7,그리고 내가 형이니 동생을 좀 봐주라고 하셨다,그리고 내가 손님은 동생을 좀 봐주라고 하셨다,3,25,0.120000,3,19,0.157895,False,0.840356,REVIEW,8.192,3.704,0.452,turbo
62,K00013915-BFG20-L1N2D3-E-K0KK-02078483.wav,8,그 다음으로 맛있었던 빵은 검은콩 찹쌀 도너츠였다.,그 다음으로 맛있었던 빵은 검은콩 찹쌀도넛이었다,5,28,0.178571,3,21,0.142857,False,0.970547,MATCH,7.808,3.924,0.503,turbo
63,K00013585-BFG23-L1N2D2-E-K0KK-01806810.wav,9,냄새는 좋았지만 내 입맛에 너무 달아서 남은 것을 동생에게 주었다.,냄새는 좋았지만 내 입맛이 너무 달아서 남은 것을 동생에게 주었다,2,37,0.054054,1,27,0.037037,False,0.990435,MATCH,9.216,3.882,0.421,turbo
64,K00013596-BMG23-L1N2D1-E-K0KK-02150780.wav,8,감독님이 리프팅을 알려줬다,감독님이 리프팅을 알려줬다,0,14,0.000000,0,12,0.000000,True,1.000000,MATCH,5.120,3.776,0.737,turbo
65,K00013970-BMG30-L1N2D1-E-K0KK-02102972.wav,10,타무즈를 죽이라고 명령했다,타머지를 죽이라고 문명했다,4,14,0.285714,4,12,0.333333,False,0.602219,MISMATCH,4.288,3.728,0.869,turbo
66,K00014483-BMG20-L1N2D4-E-K0KK-01997108.wav,7,산책을 마친 우리는 아침을 먹고 공부를 했다,산책을 마친 우리는 아침을 먹고 공부를 했다,0,24,0.000000,0,18,0.000000,True,1.000000,MATCH,7.808,3.855,0.494,turbo
67,K00013596-BMG23-L1N2D1-E-K0KK-02150870.wav,8,그래서 집에 와서 아빠한테 물어봤다,그래서 집에 와서 아빠한테 물어봤다,0,19,0.000000,0,15,0.000000,True,1.000000,MATCH,5.632,3.808,0.676,turbo
68,K00013595-BMG20-L1N2D2-E-K0KK-04106085.wav,9,반으로 가르면 드러나는.,반으로 가르면 드러나는,1,13,0.076923,0,10,0.000000,True,0.979603,MATCH,7.168,3.768,0.526,turbo
69,K00013585-BFG23-L1N2D1-E-K0KK-01725397.wav,9,그런 이모에게 엄마는 종종 화를 냈다.,그런 이모에게 엄마는 종종 화를 냈다,1,21,0.047619,0,15,0.000000,True,0.998424,MATCH,6.720,3.873,0.576,turbo
70,K00013596-BMG23-L1N2D1-E-K0KK-02150899.wav,8,오늘은 릴레이 게임을 했다,"Enri, 왜 게임을 어다니?",10,14,0.714286,8,11,0.727273,False,0.400258,MISMATCH,5.120,22.741,4.442,turbo
71,K00013596-BMG23-L1N2D1-E-K0KK-02150883.wav,8,한손으로 옆돌기를 쉽게 성공했다,한 손으로 엿들기를 쉽게 성공했다,3,17,0.176471,2,14,0.142857,False,0.755584,REVIEW,5.632,3.852,0.684,turbo
72,K00014483-BMG20-L1N2D4-E-K0KK-01996016.wav,7,형은 작은 물고기 네 마리를 잡았다,형은 작은 물고기 네 마리를 잡았다,0,19,0.000000,0,14,0.000000,True,1.000000,MATCH,6.784,3.789,0.558,turbo
73,K00013970-BMG30-L1N2D1-E-K0KK-02103902.wav,10,누나들은 더 이상 설명해주기가 귀찮았는지 일단 게임을 해보라고 재촉을했다,누나들은 더 이상 설명해주기가 귀찮았는지 일단 게임을 해보라고 집중을 했다,3,40,0.075000,2,32,0.062500,False,0.960172,MATCH,8.320,3.937,0.473,turbo
74,K00014483-BMG20-L1N2D4-E-K0KK-01997881.wav,7,점심을 맛있게 먹은 뒤 꽃다발을 들고 우리는 누나 입학식에 갔다,점심을 맛있게 먹은 뒤 꽃다발을 들고 우리는 누나 입학식에 갔다,0,35,0.000000,0,26,0.000000,True,1.000000,MATCH,9.088,3.966,0.436,turbo
75,K00014483-BMG20-L1N2D1-E-K0KK-02108019.wav,7,엄마도 이 집 크로켓이 제일 맛있다고 하셨다,엄마도 이 집 크로켓이 제일 맛있다고 하셨다,0,24,0.000000,0,18,0.000000,True,1.000000,MATCH,5.568,4.166,0.748,turbo
76,K00014483-BMG20-L1N2D1-E-K0KK-02056291.wav,7,할머니네 시장엔 먹을 것 구경할 것이 참 많다,할머니는 시장에 먹을 것 구경할 것이 참 많다,2,25,0.080000,2,18,0.111111,False,0.957767,MATCH,6.656,4.164,0.626,turbo
77,K00014483-BMG20-L1N2D4-E-K0KK-01997959.wav,7,누나는 중학생이 되어 설레도 떨린다고 했다,누나는 중학생이 되어 설레도 떨린다고 했다,0,23,0.000000,0,18,0.000000,True,1.000000,MATCH,7.168,4.170,0.582,turbo
78,K00014483-BMG20-L1N2D1-E-K0KK-02107681.wav,7,"난 가지고 싶었던 게임기를 얻지 못하여 온종일 울상이었다,",난 가지고 싶었던 게임기를 얻지 못하여 온 종일 울상이었다,2,32,0.062500,0,24,0.000000,True,0.982759,MATCH,8.704,4.593,0.528,turbo
79,K00013970-BMG30-L1N2D4-E-K0KK-02221498.wav,10,우리 이제 나가서 공연을 한번 해볼까?,우리 이제 나가서 공연을 한번 해볼까,1,21,0.047619,0,15,0.000000,True,0.993408,MATCH,4.736,3.706,0.783,turbo
80,K00013595-BMG20-L1N2D2-E-K0KK-04048518.wav,9,정말 너무 맛있어.,정말 너무 맛있어,1,10,0.100000,0,7,0.000000,True,0.992955,MATCH,6.144,3.909,0.636,turbo
81,K00013970-BMG30-L1N2D4-E-K0KK-02071195.wav,10,화가는 바다를 그렸는데 바다는 매일 달랐다,화가는 바다라 그랬는데 바다는 매일 달랐다,2,23,0.086957,2,18,0.111111,False,0.956509,MATCH,4.992,4.390,0.879,turbo
82,K00013596-BMG23-L1N2D1-E-K0KK-02150826.wav,8,너무 긴장이 되고 떨렸다,너무 긴장이 되고 떨렸다,0,13,0.000000,0,10,0.000000,True,1.000000,MATCH,5.120,3.730,0.729,turbo
83,K00013915-BFG20-L1N2D1-E-K0KK-02146841.wav,8,오늘은 할머니 집에 온지 이틀이 되었다.,오늘은 할머니 집에 온 지 이틀이 되었다,2,22,0.090909,0,16,0.000000,True,0.995970,MATCH,6.144,3.895,0.634,turbo
84,K00013595-BMG20-L1N2D2-E-K0KK-03826847.wav,9,귀여운 강아지 접고,귀여운 강아지 잡고,1,10,0.100000,1,8,0.125000,False,0.849317,REVIEW,8.192,3.765,0.460,turbo
85,K00013724-BFG30-L1N2D4-E-K0KK-02152594.wav,10,산소에 풀이랑 벌레가 너무 많았다.,탄소에 풀이랑 벌레가 너무 많았다,2,19,0.105263,1,14,0.071429,False,0.879896,MATCH,3.968,3.858,0.972,turbo
86,K00013595-BMG20-L1N2D2-E-K0KK-04093223.wav,9,나와 함께해 주렴.,나와 함께해 주렴.,0,10,0.000000,0,7,0.000000,True,1.000000,MATCH,7.168,3.739,0.522,turbo
87,K00013595-BMG20-L1N2D2-E-K0KK-04103598.wav,9,마음이 행복해지곤 하니.,마음이 행복해지곤 하니,1,13,0.076923,0,10,0.000000,True,0.988298,MATCH,6.144,3.818,0.621,turbo
88,K00013724-BFG30-L1N2D4-E-K0KK-02114055.wav,10,학원 차에 타고 학원으로 가고 있었다.,학원 차에 타고 학원으로 가고 있었다,1,21,0.047619,0,15,0.000000,True,0.997113,MATCH,5.248,3.890,0.741,turbo
89,K00014723-BMG20-L1N2D4-E-K0KK-01994558.wav,9,나무 다리 옆에 오토바이를 멈추고 풍경을 촬영했다.,나무다리 옆에 오토바이를 멈추고 풍경을 촬영했다,2,28,0.071429,0,21,0.000000,True,0.987003,MATCH,6.656,3.945,0.593,turbo
90,K00013595-BMG20-L1N2D2-E-K0KK-04235194.wav,9,까맣고 동그란 옷에,까맣고 동그란 오대,2,10,0.200000,2,8,0.250000,False,0.721726,REVIEW,7.168,3.868,0.540,turbo
91,K00013596-BMG23-L1N2D1-E-K0KK-02150942.wav,8,오늘은 새로운 의자가 배달왔다,오늘은 새로운 의자가 배달 왔다,1,16,0.062500,0,13,0.000000,True,0.996998,MATCH,6.144,3.613,0.588,turbo
92,K00014483-BMG20-L1N2D1-E-K0KK-02153791.wav,7,노란색 조각 빨간색 조각,노란색 조각 빨간색 조각,0,13,0.000000,0,10,0.000000,True,1.000000,MATCH,4.544,3.891,0.856,turbo
93,K00013915-BFG20-L1N2D3-E-K0KK-02079102.wav,8,내 생각에 '그냥 NN' 책에서 주인공 NN는 정말 착한 아이같다.,내 생각에 그냥 음미 책에서 주인공 음미는 정말 착한 아이 같다,8,37,0.216216,4,25,0.160000,False,0.757954,REVIEW,10.368,4.034,0.389,turbo
94,K00014483-BMG20-L1N2D1-E-K0KK-02058740.wav,7,아빠는 우리에게 멋진 축구공과 보드게임을 사주셨다,아빠는 우리에게 멋진 축구공과 보드게임을 사주셨다,0,27,0.000000,0,22,0.000000,True,1.000000,MATCH,7.872,3.955,0.502,turbo
95,K00013595-BMG20-L1N2D2-E-K0KK-03827543.wav,9,자랑할 거야.,자랑할 거야.,0,7,0.000000,0,5,0.000000,True,1.000000,MATCH,5.120,3.559,0.695,turbo
96,K00013970-BMG30-L1N2D1-E-K0KK-02103534.wav,10,오늘 읽은 책은 어린왕자라는 책이다,오늘 읽은 책은 어륜 왕자라는 책이다,2,19,0.105263,1,15,0.066667,False,0.671640,MISMATCH,4.544,3.874,0.853,turbo
97,K00013585-BFG23-L1N2D1-E-K0KK-01725531.wav,9,"관제탑도 없지만, 하늘을 날아 추억의 그곳으로 여행 갑니다",건새탑도 없지만 하늘을 날아 추억의 기곱으로 여행 갑니다,5,32,0.156250,4,24,0.166667,False,0.858707,MATCH,7.552,3.953,0.523,turbo
98,K00013597-BFG20-L1N2D1-E-K0KK-01884638.wav,9,눈에 안약을 넣고,두뇌 안약을 넣고,2,9,0.222222,2,7,0.285714,False,0.582225,MISMATCH,3.584,3.786,1.056,turbo
99,K00013724-BFG30-L1N2D4-E-K0KK-02152487.wav,10,평소에 조금 더 이를 잘 닦을 걸 그랬다.,평소에 조금 더 이를 잘 닦을까 그랬다,3,23,0.130435,1,15,0.066667,False,0.943748,MATCH,4.480,3.831,0.855,turbo
100,K00013596-BMG23-L1N2D1-E-K0KK-02150784.wav,8,형들과 달리기를 했는데 정말 재밌었다,형제가 달리기를 했는데 정말 재밌었다,2,20,0.100000,2,16,0.125000,False,0.792850,REVIEW,6.144,3.648,0.594,turbo
